token,term_freq,doc_freq,category,canonical_form
키,85965,80463,,
몸무게,79571,76588,,
거,69223,45710,,
것,56724,35402,,
구매,52334,30600,,
사이즈,51983,27695,,
나이,51022,50116,,
액세서리,49791,46425,,
제품,48946,28019,,
아우터,40694,34004,,
저,39884,25373,,
선택,37111,32731,,
중,36314,28632,,
고민,34360,27446,,
기타,30789,26591,,
추천,28989,24693,,
분,28947,23226,,
협찬,28931,19123,,
신발,28102,21119,,
수,27690,18793,,
사진,25734,18204,,
브랜드,24516,16664,,
자켓,23895,13899,,
만,23470,17721,,
느낌,23269,15745,,
때,22846,17057,,
번,22575,15648,,
생각,22206,16088,,
원,21570,14791,,
부탁,21512,20566,,
옷,21173,14075,,
가격,21030,16510,,
nan,20756,20756,,
바지,20021,14162,,
정도,19274,15081,,
하나,19124,15910,,
셔츠,18783,11502,,
발,17486,11875,,
일,17404,11086,,
보세,16810,11065,,
블랙,16564,11346,,
팬츠,16543,11258,,
뭐,16084,14578,,
x,15543,11259,,
나이키,15471,12910,,
데님,15183,9755,,
이번,13490,11413,,
코디,13289,10653,,
드,13125,10163,,
핏,12685,9380,,
스타일,12233,9099,,
가방,12213,9845,,
상의,12208,9608,,
업,11993,8643,,
표,11764,4787,,
룩,11602,9369,,
유니클로,11511,8207,,
평소,11447,10835,,
개,11293,9142,,
니트,11200,7884,,
감사,10725,10016,,
빈티지,10618,6938,,
코트,10609,6048,,
하의,10287,8058,,
리,10279,7839,,
링크,10244,3791,,
모자,10152,7430,,
색,10115,7926,,
가능,10112,8604,,
인스타,10110,6565,,
첨부,10046,3838,,
뉴발란스,9850,8455,,
글,9700,7686,,
m,9658,6658,,
이거,9596,8402,,
필요시,9331,3193,,
요즘,9311,8192,,
색상,9201,6707,,
년,9070,6076,,
전,8968,7741,,
기장,8962,6216,,
등,8946,7214,,
여름,8939,7174,,
데,8812,8003,,
그레이,8720,6373,,
컬러,8661,5680,,
와이드,8623,6376,,
티,8619,6805,,
월,8580,4464,,
백,8530,6369,,
블루,8503,6175,,
폴로,8407,5607,,
아디다스,8169,6913,,
둘,8144,7114,,
시,8090,6281,,
듯,8039,6349,,
집,8028,6339,,
패딩,7912,5174,,
할인,7878,5854,,
아이템,7865,6908,,
l,7813,5495,,
안녕,7747,7709,,
s,7508,4426,,
디자인,7493,5510,,
물건,7472,4060,,
처음,7442,6632,,
필수,7289,7156,,
cm,7275,6095,,
날,7249,5520,,
매장,7241,5128,,
반스,7150,6229,,
디테일,7114,3985,,
착,7081,5804,,
반팔,7077,5698,,
볼,7074,5642,,
신사,7005,5808,,
아식스,7003,5999,,
착용,6994,5478,,
나,6989,5248,,
무드,6983,5542,,
샷,6970,5733,,
곳,6965,5571,,
날씨,6914,6212,,
위,6884,5788,,
정보,6877,6082,,
신체,6804,3632,,
편,6793,5754,,
표기,6732,6655,,
무탠다드,6700,5687,,
부분,6696,4551,,
카페,6670,5025,,
마음,6625,5457,,
오,6603,5558,,
색감,6573,4916,,
오늘,6558,5851,,
패션,6547,5267,,
장,6538,5246,,
런,6510,5319,,
컨버스,6488,5853,,
스팩,6425,3283,,
브라운,6387,4629,,
투표,6387,5561,,
네이비,6256,4584,,
말,6210,4868,,
살,6199,5303,,
사람,6178,4542,,
티셔츠,6138,4033,,
가죽,6121,3768,,
감,6081,4864,,
청,6075,4091,,
원단,6046,3322,,
만족,6045,4925,,
맘,5966,5068,,
비,5950,5048,,
에어포스,5917,5327,,
친구,5908,4563,,
후기,5868,4526,,
지,5854,5146,,
눈,5842,5182,,
후드,5813,4280,,
xl,5631,3902,,
포인트,5601,4625,,
겨울,5557,4538,,
형,5516,4904,,
kg,5449,5020,,
결과,5433,5254,,
엘,5407,3999,,
이상,5357,4710,,
후,5332,4349,,
링,5300,4103,,
뉴,5282,4442,,
모델,5278,3815,,
화이트,5268,4127,,
어디,5219,4904,,
캐주얼,5180,4594,,
스투시,5123,4085,,
시즌,5084,3597,,
이유,5044,4749,,
부츠,5038,3635,,
노,5011,4323,,
주,4986,4322,,
허리,4924,3290,,
이름,4908,4432,,
일본,4885,3430,,
라,4855,4293,,
인,4834,4227,,
세일,4833,3410,,
소재,4819,3450,,
조던,4767,4000,,
끈,4735,3017,,
보,4732,4035,,
외,4729,4567,,
디,4718,4054,,
비슷,4691,4385,,
벨트,4677,3343,,
캡,4665,3766,,
시간,4650,3633,,
등등,4604,4476,,
미니멀,4603,4095,,
아카이브,4591,3979,,
카,4536,3719,,
크림,4490,3675,,
이,4485,3322,,
반,4451,3765,,
샵,4413,3243,,
이너,4409,3569,,
이것,4391,3931,,
가을,4379,3713,,
개인,4368,3343,,
품,4305,3505,,
발렌시아,4295,2766,,
기본,4269,3489,,
아래,4253,3767,,
포터,4253,3271,,
마,4233,3128,,
때문,4208,3551,,
차이,4195,3372,,
사,4193,3630,,
구입,4186,2940,,
포스,4182,3538,,
질문,4165,3761,,
안경,4144,2831,,
필요,4129,3762,,
봄,4127,3523,,
ex,4094,1457,,
점,4087,3074,,
안,4085,3590,,
맛,4066,3514,,
가디건,4063,2997,,
마틴,4053,3498,,
앞,4052,3521,,
최근,4035,3588,,
공,4033,3438,,
쪽,4012,3371,,
터,3995,3559,,
검정,3995,3223,,
슬랙스,3989,3198,,
모드나인,3981,3432,,
쿠어,3973,3011,,
차,3970,2930,,
아웃,3967,3277,,
깔끔,3953,3446,,
스토어,3946,3197,,
예정,3939,2746,,
리바이스,3900,2850,,
인사,3899,3288,,
정가,3873,3359,,
품절,3850,3516,,
나머지,3842,3804,,
홈,3839,3237,,
오버,3824,3037,,
진,3822,3015,,
사용,3817,2749,,
대,3790,3329,,
치노,3782,2637,,
데일리,3768,3470,,
팔,3753,3020,,
풀,3738,2695,,
청바지,3736,2979,,
웨어,3703,2726,,
활용,3695,3246,,
슈프림,3692,2801,,
라인,3671,2374,,
슬로우,3631,3153,,
etce,3626,2625,,
앤더슨벨,3607,2439,,
울,3606,2488,,
여기,3606,3146,,
스튜디오,3602,3154,,
알,3591,2645,,
오랜만,3584,3277,,
더블,3561,2523,,
단,3555,2744,,
자바나스,3526,3087,,
소장,3511,3423,,
퍼,3496,2892,,
돈,3474,2990,,
로고,3469,2527,,
사항,3461,3406,,
여행,3459,2706,,
하이,3454,2992,,
시작,3452,2881,,
수선,3445,2192,,
손,3423,3033,,
주말,3423,3031,,
베이지,3414,2639,,
칼,3393,2750,,
더비,3391,2496,,
정,3373,2937,,
다음,3372,2876,,
rrl,3363,1634,,
유니온,3352,2682,,
스트릿,3328,2974,,
무난,3324,2795,,
세탁,3311,2040,,
쿠폰,3297,2692,,
꺼,3289,3019,,
바,3283,2806,,
코,3265,2552,,
여유,3256,2617,,
스탠다드,3247,2722,,
콜라,3244,2697,,
로맨틱무브,3223,2896,,
선물,3210,2526,,
체험,3194,2410,,
팁,3192,2885,,
레드,3191,2518,,
더,3185,2779,,
작년,3184,2673,,
남자,3183,2823,,
참고,3171,2917,,
쇼핑,3163,2536,,
스타,3162,2738,,
매치,3151,2643,,
레,3150,2501,,
팩,3142,2425,,
맨투맨,3134,2471,,
로우,3117,2580,,
줄,3114,2776,,
포켓,3091,1954,,
산,3080,1706,,
아,3076,2808,,
확인,3071,2711,,
배송,3058,2377,,
하트,3053,2409,,
완료,3053,2955,,
매물,3030,2556,,
상품,3017,2312,,
즈,3013,2628,,
마지막,3001,2729,,
서울,2968,2146,,
지퍼,2938,1783,,
워크,2933,2094,,
구경,2933,2424,,
달,2922,2540,,
칸,2897,1948,,
기준,2877,2452,,
유행,2873,2344,,
주문,2865,2350,,
댓글,2860,2501,,
어깨,2857,2215,,
종,2852,2072,,
피,2849,2452,,
셀,2828,2207,,
가성비,2828,2500,,
팝업,2812,1379,,
하루,2792,2547,,
해당,2791,2516,,
미,2773,2369,,
셋,2770,2198,,
next,2763,1694,,
image,2757,1688,,
토,2745,2026,,
입,2742,2332,,
가지,2741,2337,,
답변,2721,2585,,
전체,2719,2081,,
추가,2715,2316,,
톤,2711,1957,,
실물,2706,2367,,
회원,2692,2353,,
판매,2679,2114,,
스탠딩,2677,2216,,
머리,2677,2001,,
발매,2666,2060,,
주소,2651,2569,,
나일론,2642,2096,,
슈즈,2618,1893,,
여자,2616,2138,,
유,2599,2259,,
다양,2598,1974,,
아워레가시,2598,1977,,
재질,2588,2112,,
세터,2586,1937,,
기분,2577,2345,,
온,2570,2153,,
그린,2570,2011,,
입문,2570,2308,,
소개,2560,1682,,
반바지,2546,2070,,
관심,2535,2256,,
컬렉션,2524,1236,,
sns,2520,2508,,
구매처,2517,2255,,
프레이,2516,1965,,
스펙,2501,2279,,
소매,2500,1775,,
다운,2498,1914,,
사이트,2498,2283,,
걸,2484,2393,,
실루엣,2479,1531,,
애플,2475,2311,,
밑단,2471,1752,,
브랜디드,2471,2095,,
a,2463,1514,,
운,2462,2087,,
블레이저,2441,1795,,
여러분,2432,2318,,
조합,2426,2016,,
지금,2422,2172,,
애프터,2410,1866,,
베스트,2393,1745,,
길이,2392,1966,,
u,2382,1606,,
메종미네드,2379,1963,,
닥터,2373,2102,,
워싱,2371,1766,,
레이어드,2371,1938,,
뒤,2367,1911,,
실,2362,2062,,
오픈,2354,1124,,
워치,2344,2149,,
예전,2343,2130,,
소,2343,1307,,
카라,2340,1691,,
올해,2340,2049,,
목,2318,1868,,
도,2303,2016,,
덩크,2288,1961,,
얼마,2277,2169,,
룸,2272,1895,,
v,2269,1617,,
노스페이스,2268,1908,,
로스트,2265,1965,,
의견,2264,2100,,
테,2254,1711,,
님,2251,2215,,
클래식,2237,1767,,
코튼,2236,1647,,
시계,2235,1546,,
단추,2234,1499,,
매력,2233,1740,,
감성,2228,1675,,
핏더,2222,1945,,
일반,2220,1897,,
우,2215,1948,,
경우,2213,1566,,
자체,2210,1825,,
흰색,2208,1905,,
선,2207,1885,,
방문,2206,1679,,
밑,2203,1940,,
템포,2202,1931,,
옴므,2200,1824,,
오프,2198,1783,,
카운트,2190,1480,,
유니폼브릿지,2185,1864,,
한국,2181,1689,,
조셉,2179,1902,,
국내,2173,1754,,
바람막이,2170,1694,,
엔,2148,1341,,
걱정,2148,2014,,
영상,2137,1777,,
상태,2133,1846,,
자,2131,1837,,
퀄리티,2127,1722,,
프로,2127,1742,,
ss,2117,1514,,
셋 업,2117,1601,,
모습,2114,1029,,
끝,2113,1942,,
니,2105,1852,,
카키,2103,1605,,
몬스터,2096,1883,,
따뜻,2088,1838,,
광고,2088,1264,,
존재,2084,864,,
불편,2084,1835,,
밀,2080,1701,,
드로우핏,2078,1792,,
슈,2072,1920,,
스웨이드,2065,1538,,
랄프 로렌,2062,1480,,
fw,2058,1506,,
첼시,2051,1694,,
롱,2047,1692,,
스웻,2045,1526,,
기억,2040,1699,,
피드백,2037,1974,,
운동,2030,1730,,
오어슬로우,2028,1399,,
체형,2017,1723,,
린,2015,1652,,
목걸이,2014,1749,,
조심,2012,1933,,
부담,2010,1856,,
궁금,2005,1906,,
펜,1996,1807,,
게시판,1990,1943,,
척,1989,1800,,
세미,1989,1753,,
토니웩,1984,1510,,
두께,1977,1606,,
삭제,1973,1906,,
자라,1969,1689,,
패턴,1965,1399,,
문제,1962,1577,,
벌,1959,1500,,
체크,1959,1483,,
아이,1957,1488,,
조,1951,1689,,
르,1950,1635,,
다크,1950,1520,,
구두,1943,1391,,
아크테릭스,1925,1467,,
후드티,1922,1577,,
프로젝트,1921,1535,,
플랙,1917,1614,,
양말,1916,1384,,
스니커즈,1911,1579,,
나름,1911,1759,,
악세사리,1906,1851,,
파,1902,1573,,
세,1900,1747,,
제로,1899,1747,,
적당,1899,1688,,
코스,1892,1504,,
인기,1890,1590,,
vs,1885,1666,,
레더,1881,1464,,
명,1874,1504,,
검,1872,1460,,
올리브,1870,1415,,
맨,1869,1477,,
너,1868,1607,,
비교,1867,1568,,
기대,1865,1713,,
벨리,1858,1263,,
길,1858,1523,,
방향,1857,1787,,
택,1857,1406,,
통,1853,1465,,
무신,1845,1652,,
메이드,1841,1526,,
식,1839,1736,,
요청,1837,1740,,
상,1825,1525,,
세컨,1825,1613,,
장만,1821,1776,,
콜,1819,1373,,
mmrb,1814,1517,,
몸,1813,1617,,
도움,1812,1624,,
조언,1811,1690,,
씨,1809,1404,,
이미지,1804,853,,
머플러,1803,1338,,
애매,1803,1672,,
타,1799,1478,,
된장,1792,1572,,
인스타그램,1787,1745,,
작성,1786,1639,,
어,1782,1611,,
직업,1781,1756,,
해칭룸,1780,1170,,
신,1771,1560,,
복수,1769,1621,,
lvc,1768,1208,,
리뷰,1766,1369,,
젤,1761,1509,,
출근,1755,1484,,
포,1753,1478,,
클럽,1752,1425,,
온라인,1749,1381,,
면,1745,1489,,
엑스,1745,1496,,
흑,1744,1426,,
버핏,1735,1493,,
검색,1735,1556,,
에스,1730,1471,,
재고,1729,1425,,
에스피오나지,1728,1473,,
앤,1727,1420,,
지갑,1727,1226,,
화,1725,1517,,
반품,1724,1275,,
팀버랜드,1714,1484,,
투,1713,1423,,
동안,1710,1582,,
로,1707,1511,,
하우스,1702,1244,,
필드,1701,1315,,
최고,1697,1519,,
호,1690,1242,,
팔찌,1689,1381,,
사이,1687,1544,,
방법,1684,1414,,
기존,1682,1443,,
이스트,1682,1310,,
출시,1681,1309,,
커버,1676,1458,,
킹,1674,957,,
가든,1671,1448,,
르메르,1670,846,,
비지,1658,1253,,
적,1657,1559,,
가격대,1651,1535,,
경험,1650,1389,,
입고,1646,1459,,
독일군,1644,1415,,
스트라이프,1642,1242,,
숏,1637,1233,,
컨텐츠,1636,1610,,
마무리,1635,1440,,
천,1635,1291,,
양식,1631,893,,
선글라스,1630,1374,,
카테고리,1628,1566,,
워,1627,1304,,
원래,1622,1566,,
클락,1614,1439,,
속,1613,1407,,
탑,1612,1322,,
주머니,1611,1165,,
공유,1609,1503,,
직원,1607,1214,,
도쿄,1603,1118,,
포함,1602,1493,,
물,1600,1243,,
배,1598,1394,,
보유,1598,1461,,
구분,1597,1553,,
w,1597,1169,,
레이,1588,1389,,
킨치,1587,1303,,
결제,1586,1187,,
복,1582,1346,,
캐피탈,1577,918,,
유스,1575,1026,,
반팔티,1571,1365,,
에이,1568,1336,,
행복,1566,1434,,
브론슨,1566,1050,,
현대,1561,1199,,
회,1555,964,,
트리,1553,1319,,
마르지,1550,1291,,
교환,1550,1123,,
핑크,1549,1168,,
운동화,1548,1327,,
옆,1547,1368,,
도프,1545,1381,,
cos,1545,1009,,
고급,1538,1151,,
총장,1522,1114,,
올,1521,1334,,
제이슨,1518,1362,,
카드,1518,1163,,
black,1505,1010,,
준비,1501,1280,,
에러,1500,1158,,
미국,1492,1007,,
시티,1490,1238,,
엠,1490,1149,,
취향,1489,1292,,
년대,1485,647,,
스톤,1480,1162,,
문의,1476,1244,,
발견,1475,1378,,
인증,1473,1437,,
색깔,1472,1337,,
허벅지,1471,1128,,
조금,1468,1364,,
싱,1463,1167,,
버튼,1460,1036,,
환불,1460,1019,,
유튜브,1458,1370,,
깡,1458,1254,,
아침,1457,1330,,
유명,1455,1161,,
창,1454,1154,,
김,1451,1372,,
턱,1451,1078,,
코드,1450,1225,,
컷,1450,1204,,
삼바,1450,1170,,
모어,1449,1248,,
이제,1449,1352,,
도착,1448,1302,,
을,1445,1158,,
초,1444,1307,,
느,1443,1200,,
프린팅,1438,1038,,
편집,1434,1161,,
저녁,1419,1311,,
가슴,1416,1146,,
맥스,1415,1252,,
슬림,1413,1158,,
의류,1412,1017,,
타이,1412,1051,,
매뉴얼,1411,1204,,
정리,1410,1174,,
파카,1409,983,,
폴리,1407,1006,,
토마스,1406,1215,,
시그니처,1400,1289,,
유니,1400,962,,
틱,1394,1203,,
이벤트,1394,1135,,
마감,1390,1053,,
와이프,1387,1053,,
카시오,1382,1268,,
라이트,1380,1082,,
모,1379,1259,,
저번,1375,1296,,
프리즘웍스,1372,1220,,
선호,1368,1254,,
맥,1368,982,,
밈더워드로브,1363,1193,,
스트레이트,1361,1135,,
아이보리,1359,1102,,
텀,1354,1139,,
진행,1354,982,,
로퍼,1352,1068,,
pants,1349,857,,
종류,1349,1235,,
도전,1346,1252,,
솔,1343,1059,,
검은색,1341,1151,,
대비,1337,1205,,
수아레,1337,1217,,
성수,1337,860,,
애,1336,1149,,
착용감,1335,1148,,
ma,1331,979,,
감기,1329,1227,,
비니,1328,1145,,
자연,1322,1074,,
문,1319,1095,,
"""고프코어",1314,1311,,
연출,1311,747,,
페이탈리즘,1310,1220,,
러닝,1309,901,,
박스,1308,974,,
신경,1306,1192,,
옷장,1305,1177,,
라벨,1303,957,,
토피,1303,1198,,
제작,1302,926,,
아울렛,1302,1018,,
내일,1300,1233,,
stu,1298,996,,
야드,1292,977,,
에어,1289,1111,,
커스,1287,1078,,
언더,1282,1105,,
회사,1279,1090,,
웨스턴,1277,860,,
고아캐,1275,1141,,
빅,1274,1097,,
오프라인,1272,1080,,
실버,1272,1020,,
회색,1265,1078,,
버즈릭슨,1264,883,,
누구,1253,1091,,
남,1253,1091,,
우리,1252,969,,
대학,1251,1113,,
은,1247,1158,,
슈퍼스타,1239,1124,,
피스,1237,1073,,
미드,1233,1012,,
캐쥬얼,1232,1133,,
밤,1232,1073,,
편안,1231,1019,,
텐,1230,985,,
커피,1230,916,,
반지,1230,996,,
시원,1227,1114,,
인디고,1226,861,,
슈퍼,1226,1109,,
가,1222,1078,,
발등,1218,1005,,
오피스,1216,953,,
주앙,1216,1057,,
uniqlo,1216,479,,
윙,1216,958,,
데이,1214,1001,,
젠틀,1214,1108,,
멋,1211,1074,,
락,1210,1053,,
워시,1209,923,,
캐치볼,1207,1079,,
근,1202,1183,,
밖,1197,1125,,
계열,1197,1049,,
동일,1197,1029,,
무엇,1196,1103,,
결정,1196,1002,,
퍼지,1192,1080,,
치,1190,1090,,
깔,1189,997,,
이용,1187,911,,
해외,1183,987,,
휴먼,1183,964,,
뉴발,1181,1085,,
덕,1179,984,,
활동,1177,929,,
간,1177,1060,,
바버,1177,790,,
당첨,1175,1006,,
자신,1171,779,,
크롭,1171,967,,
중고,1168,989,,
존,1159,964,,
탭,1159,789,,
으,1159,1101,,
백화점,1159,900,,
중요,1157,834,,
언,1157,1063,,
관련,1155,1045,,
다리,1155,987,,
c,1153,880,,
생일,1153,963,,
블랭크,1152,931,,
하프,1152,884,,
정장,1152,772,,
오라,1150,799,,
신상,1147,1015,,
제,1147,1086,,
그것,1144,993,,
실측,1144,921,,
jacket,1143,771,,
왼쪽,1143,977,,
알렌,1142,943,,
대부분,1141,1060,,
번호,1141,853,,
스파,1141,1013,,
바람,1139,1059,,
힙,1139,1031,,
b,1136,698,,
만큼,1130,1017,,
읏,1130,1076,,
사라,1122,1004,,
녀석,1122,812,,
디키즈,1121,898,,
아더,1120,887,,
기,1119,1015,,
버전,1116,832,,
부산,1115,822,,
포기,1113,1048,,
재킷,1113,655,,
비바,1112,1012,,
고수,1112,1079,,
안쪽,1110,903,,
일상,1109,968,,
이지,1108,980,,
정품,1108,908,,
부,1104,853,,
굿,1101,846,,
워커,1100,980,,
분위기,1098,919,,
스포츠,1095,870,,
오리지널,1093,817,,
플랜,1092,941,,
크로스,1089,918,,
리브,1087,911,,
틀,1086,1000,,
와일드,1086,1000,,
앱,1086,917,,
네이버,1083,905,,
이후,1080,918,,
r,1079,858,,
위주,1078,1006,,
폼,1077,966,,
제외,1074,996,,
나중,1072,1017,,
바시티,1071,876,,
향,1071,430,,
계절,1070,984,,
shoes,1070,447,,
or,1065,932,,
요거,1064,986,,
몇,1063,1042,,
the,1062,613,,
bag,1062,841,,
루,1062,733,,
말씀,1062,944,,
d,1061,811,,
관리,1058,868,,
스티치,1057,778,,
그,1053,745,,
싱글,1052,769,,
얼굴,1049,889,,
포장,1048,657,,
프라다,1044,790,,
넉넉,1043,950,,
왈라비,1040,899,,
다,1040,1027,,
이것저것,1039,971,,
웨이,1038,830,,
수축,1038,733,,
리넥츠,1036,731,,
학생,1035,978,,
롤,1034,782,,
안감,1032,782,,
f,1031,760,,
슬리퍼,1031,803,,
형태,1028,798,,
사랑,1027,903,,
대체,1027,946,,
미나브,1025,910,,
버스,1024,821,,
금,1023,861,,
근처,1022,905,,
주름,1022,790,,
p,1022,821,,
보리,1022,725,,
생,1019,875,,
오더,1017,966,,
레귤러,1017,833,,
박,1011,897,,
범용,1007,946,,
기어,1004,790,,
퍼플,1002,775,,
샌들,1002,770,,
패치,998,734,,
나나미카,994,657,,
버뮤다,993,843,,
mmgl,992,878,,
북,989,859,,
플로어,989,838,,
제공,987,746,,
적용,986,771,,
불,986,852,,
mm,983,626,,
직구,983,781,,
여성,982,787,,
출처,982,785,,
처리,981,777,,
핑,981,839,,
휴가,980,804,,
서,978,847,,
핏이,978,919,,
키뮤어,976,846,,
고,976,912,,
논,976,812,,
땀,975,835,,
피쉬,973,793,,
층,971,562,,
겸,971,881,,
oam,970,815,,
긴팔,969,844,,
러프,968,767,,
설명,968,804,,
리터,966,774,,
몰,966,823,,
우포스,965,845,,
기간,964,819,,
겟,962,855,,
초반,957,886,,
동,957,813,,
사이드,956,789,,
엉덩이,955,765,,
어제,954,913,,
판,953,760,,
맛집,952,854,,
타입,951,742,,
오른쪽,951,821,,
로그인,947,935,,
브라더스,946,699,,
브룩스,946,691,,
코듀로이,944,768,,
h,944,810,,
법,944,681,,
카고,943,824,,
결국,941,881,,
요새,937,860,,
컴퍼니,935,813,,
퍼티,935,747,,
유니폼,934,717,,
오렌지,934,712,,
새,929,815,,
케이스,928,679,,
남성,925,747,,
캐시미어,925,616,,
세계,922,583,,
러너,922,828,,
파이,921,780,,
하,918,835,,
퍼티그,918,727,,
상황,917,719,,
보이,916,792,,
년도,916,754,,
트러커,916,710,,
이전,915,753,,
스펙터,909,784,,
탄탄,905,801,,
랩,903,801,,
뮤지엄,902,806,,
인세인개러지,900,735,,
근본,899,773,,
어색,899,818,,
단점,898,754,,
각,897,782,,
프라이,896,723,,
해,894,792,,
브릭스,893,831,,
적립금,892,796,,
t,891,593,,
멘토,891,730,,
그거,891,838,,
아르,890,730,,
모이프,889,607,,
디스이즈네버댓,889,712,,
특징,889,662,,
예약,888,692,,
구찌,887,705,,
중반,885,820,,
페이,885,687,,
타이트,883,781,,
아더에러,882,702,,
본인,881,751,,
세대,880,513,,
테일러,879,755,,
후디,878,698,,
리복,877,741,,
뉴에라,875,793,,
앵글,875,733,,
부족,874,810,,
결혼식,873,725,,
팅,872,844,,
라이프,871,752,,
소비,871,707,,
특유,870,757,,
위치,869,599,,
범고래,868,749,,
얘,865,717,,
방,863,773,,
얘기,860,749,,
값,860,752,,
오브,857,697,,
냄새,857,580,,
뒷,857,761,,
size,857,404,,
재미,856,787,,
재생,856,671,,
올드,853,678,,
무,853,784,,
헤리티지,852,727,,
급,852,762,,
렉,850,622,,
최대,849,743,,
자리,848,637,,
해칭,844,736,,
헨리,841,606,,
자수,839,644,,
악,839,755,,
파타고니아,838,618,,
빔즈,837,627,,
뿐,837,775,,
기회,837,776,,
내부,836,641,,
분류,836,633,,
nike,835,664,,
인치,835,625,,
이하,834,778,,
동네,832,754,,
마켓,831,601,,
내용,830,628,,
취소,830,635,,
개시,829,765,,
협업,826,511,,
인생,826,765,,
질감,824,703,,
꿀,824,748,,
수트,822,536,,
고려,821,727,,
로드,820,694,,
헤비,820,647,,
건,820,739,,
스퀘어,819,629,,
혼자,818,729,,
인세,817,680,,
이야기,816,660,,
밑창,815,644,,
키로,815,764,,
마라탕,813,676,,
태,812,769,,
중간,811,697,,
거울,811,743,,
폴,809,710,,
학교,809,664,,
습,808,747,,
시리즈,808,650,,
무태,808,660,,
트랙,807,615,,
친절,807,655,,
베이스,806,701,,
향수,806,472,,
prt,806,601,,
노드,805,691,,
클로,805,657,,
내,804,685,,
필,804,691,,
행사,804,614,,
표현,803,620,,
로그,803,667,,
성공,802,721,,
영,799,722,,
이즈,799,682,,
금액,798,668,,
bogeun,796,796,,
스캇,794,666,,
g,793,558,,
모양,791,682,,
택배,791,647,,
실패,791,701,,
놈,790,688,,
보드,790,681,,
주변,786,719,,
그레일즈,786,609,,
기념,786,719,,
xt,785,683,,
영입,785,686,,
포터리,784,638,,
쉐,784,694,,
잇,783,730,,
거래,783,526,,
인터넷,782,663,,
생활,780,699,,
어세,780,684,,
정핏,779,700,,
대신,778,741,,
슬립,777,646,,
퇴근,776,711,,
러드,776,677,,
위더로드,776,734,,
포멀,775,675,,
미니,774,651,,
페몬트,773,672,,
연휴,772,665,,
당시,771,586,,
제품명,771,751,,
구,771,662,,
보온,768,610,,
테이크,765,722,,
낙,762,434,,
행,760,734,,
여기저기,760,720,,
전화,759,475,,
자기,758,611,,
남친,754,707,,
og,753,586,,
아들,753,363,,
그램,753,692,,
활용도,752,716,,
그래픽,751,483,,
후회,751,710,,
털,750,548,,
후반,747,696,,
야,743,653,,
오사카,742,520,,
머,741,692,,
gu,741,428,,
시도,738,566,,
cap,733,538,,
츠,733,566,,
탕,733,628,,
재,730,659,,
애쉬크로프트,730,700,,
공지,729,698,,
건강,728,653,,
공간,727,573,,
영국,727,547,,
지오다노,727,638,,
로즈,726,587,,
팬,724,659,,
거기,724,638,,
기능,723,547,,
이해,721,555,,
영화,721,468,,
프리미엄,719,600,,
어널러코드,719,664,,
헤어,719,566,,
레드윙,718,581,,
시기,717,609,,
푸마,717,560,,
복각,717,554,,
크기,716,599,,
마지,716,652,,
낮,715,672,,
조끼,713,576,,
버켄스탁,713,648,,
원산지,713,536,,
얼,711,647,,
루즈,711,566,,
미스,711,623,,
아트이프액츠,711,606,,
참여,709,617,,
쇼츠,708,543,,
드레스,708,625,,
디젤,708,556,,
내년,708,660,,
힘,707,634,,
메,707,615,,
슈펜,705,657,,
mlb,703,673,,
포트너스,702,647,,
아재,702,575,,
봉제,701,514,,
리스,701,616,,
acg,701,544,,
윈드,700,609,,
신고,700,601,,
게시,700,582,,
덕분,698,657,,
뽕,698,670,,
홀,697,561,,
모리,697,431,,
top,697,443,,
비긴,697,580,,
라운드,695,538,,
엔지니어,693,492,,
개월,693,608,,
에어팟,693,614,,
합리,692,616,,
트래블,692,657,,
게시물,692,664,,
소리,689,629,,
올백,688,623,,
공식,686,582,,
장갑,686,548,,
타이틀,685,626,,
점퍼,684,505,,
고프코어,684,589,,
처,682,595,,
그라더스,682,528,,
와이,681,538,,
무지,679,627,,
무스탕,678,459,,
all,678,257,,
은근,678,636,,
찰떡,677,647,,
크리스마스,677,499,,
스틱,676,566,,
후쿠오카,675,491,,
파라부트,674,516,,
변화,672,553,,
우영미,672,476,,
지인,671,606,,
저거,671,637,,
점심,671,623,,
이얼즈어고,670,377,,
꽃,669,562,,
옥스포드,669,529,,
연락,669,477,,
가젤,669,547,,
변호사,669,42,,
엘무드,668,611,,
브릿지,668,555,,
득템,668,590,,
심심,668,626,,
며칠,668,643,,
일꼬르소,667,562,,
블프,667,593,,
의미,666,534,,
비지터,665,593,,
쌀쌀,665,649,,
망,664,593,,
대장,662,569,,
몽,661,423,,
브랜디,661,617,,
봄버,660,520,,
테이,660,578,,
술,660,527,,
군,658,494,,
새해,658,577,,
체인,657,530,,
소통,656,580,,
전역,655,554,,
렉스,654,562,,
거리,653,519,,
커플,653,578,,
insta,653,651,,
애드,651,576,,
널널,650,595,,
사장,650,513,,
조절,649,522,,
저렴,649,621,,
더위,648,615,,
에이징,647,557,,
데이트,647,583,,
밥,646,564,,
벚꽃,644,500,,
플라이,644,536,,
밴드,643,387,,
무릎,643,523,,
가입,642,580,,
×,641,426,,
구성,640,539,,
lee,640,503,,
아메카지,639,564,,
용,637,618,,
장점,635,504,,
건조,635,435,,
질,635,587,,
소식,635,594,,
오버핏,635,591,,
오클리,635,487,,
패,634,605,,
그라미치,633,562,,
잔,633,533,,
퀄,633,575,,
스카프,631,476,,
업체,630,416,,
릭,627,533,,
누락,627,612,,
매칭,626,536,,
타임,626,515,,
절기,626,555,,
신청,625,431,,
슈트,624,458,,
쇼핑몰,624,480,,
션,622,490,,
유니크,621,539,,
인상,621,500,,
본,621,512,,
패스,621,537,,
대표,619,495,,
독특,619,526,,
뻔,618,598,,
shirt,617,468,,
조거,617,540,,
마원,617,510,,
마스터,615,517,,
계획,614,534,,
자세,614,590,,
아웃도어,613,474,,
전면,613,398,,
첨,613,598,,
컨셉,612,520,,
메인,612,533,,
짱,612,562,,
바다,610,485,,
만족도,608,565,,
프리,608,502,,
옛날,607,558,,
림,606,456,,
르마드,606,543,,
가족,606,500,,
간단,606,551,,
dnsr,606,444,,
넥,605,501,,
당근,605,534,,
금요일,604,563,,
소니,604,569,,
사실,603,524,,
트렌드,602,472,,
안데르센,602,297,,
denim,602,431,,
포트,601,476,,
서비스,601,478,,
저희,600,508,,
경량,599,479,,
수준,599,542,,
아미,598,489,,
스타일링,595,482,,
마크,595,488,,
예,594,552,,
짱구,594,525,,
후아유,594,485,,
유틸리티,593,430,,
품질,592,466,,
과정,592,364,,
빛,592,524,,
작업,591,412,,
collection,590,567,,
평,590,533,,
전시,590,415,,
광,590,468,,
챔피온,590,491,,
유부남,590,588,,
승,589,247,,
고어텍스,588,433,,
꼼데,588,511,,
예일,588,534,,
acc,586,336,,
방식,585,446,,
어나더,585,499,,
보관,584,479,,
키코,584,402,,
연말,584,510,,
추구,583,517,,
k,583,493,,
굽,583,474,,
고아,583,540,,
디자이너,582,433,,
십,582,540,,
제주도,582,470,,
해결,580,464,,
순간,579,526,,
짐,579,518,,
송,579,512,,
스킨,579,440,,
생산,578,394,,
오후,578,510,,
보테가 베네타,578,490,,
완성,577,489,,
트리플,576,502,,
n,575,433,,
플레어,575,455,,
프렌치,573,403,,
네이더스,571,467,,
파르티멘토,570,542,,
엘라,570,512,,
민,569,392,,
무리,569,533,,
보통,568,538,,
명품,568,429,,
배송비,568,517,,
실제,567,505,,
턴,566,436,,
자랑,564,517,,
갤러리,564,461,,
아이언,564,496,,
광택,561,483,,
신기,561,521,,
케이,560,483,,
홍대,560,473,,
in,559,396,,
y,558,475,,
지샥,558,541,,
뷰,558,414,,
약간,557,515,,
스파오,557,497,,
초록,557,438,,
밴,557,449,,
답,556,534,,
버건디,556,457,,
넥타이,556,438,,
가치,555,455,,
롱슬리브,555,515,,
단순,554,412,,
세상,553,481,,
블로그,553,448,,
정신,552,513,,
프린트,552,428,,
필독,552,540,,
블랙잭,552,367,,
일주일,551,528,,
홈페이지,551,458,,
gr,551,378,,
건조기,550,406,,
올드 스쿨,550,511,,
입장,550,436,,
익스,550,353,,
피부,549,454,,
쇼,546,418,,
무료,546,421,,
빈,546,449,,
문화,545,292,,
아페쎄,545,491,,
파운드,545,492,,
피팅,544,436,,
와이드핏,543,508,,
바스,542,368,,
에센셜,541,418,,
크롬,541,451,,
담,541,526,,
팔라스,538,424,,
드레익스,538,359,,
디앤써,538,419,,
센스,537,485,,
e,537,352,,
경고,537,527,,
등산,536,426,,
리스트,536,452,,
샤카,535,502,,
모두,534,512,,
월요일,534,498,,
bottom,534,331,,
lookbook,533,518,,
군대,533,485,,
넥라인,533,409,,
스톤 아일랜드,532,463,,
맞춤,532,445,,
아내,531,324,,
세트,531,452,,
상관,531,528,,
교복,531,445,,
요소,529,427,,
그때,527,488,,
중국,527,379,,
플러스,526,422,,
이어,526,460,,
현재,525,467,,
더콜디스트모먼트,524,495,,
샴,524,412,,
솔리드,524,412,,
정확,523,483,,
홀리데이,523,405,,
리얼,522,436,,
볼트,522,450,,
카메라,521,419,,
xxl,520,413,,
예상,519,476,,
크롬하츠,519,419,,
결론,518,481,,
에어컨,518,217,,
유지,517,438,,
베이프,517,412,,
크록스,516,438,,
죄송,516,484,,
촉감,515,447,,
로스,514,448,,
스웨터,512,371,,
lmc,512,451,,
xx,512,338,,
특이,511,486,,
상체,511,491,,
판매자,511,397,,
대구,511,381,,
톤즈,511,463,,
개체,510,422,,
adidas,509,392,,
환영,509,449,,
네댓,509,430,,
자유,508,415,,
레이어,508,457,,
쉬,508,466,,
저스트,508,441,,
홀리,507,384,,
최애,507,473,,
눕시,506,413,,
파라,506,371,,
나들이,506,483,,
비즈,505,321,,
예스아이씨,505,453,,
i,505,436,,
구멍,505,431,,
mngu,505,447,,
아노블리어,503,462,,
glasses,503,89,,
은은,502,403,,
무채색,502,472,,
골드,502,387,,
마이카,502,402,,
산책,501,455,,
왁스,501,315,,
오가프,500,464,,
대로,500,479,,
책,500,321,,
목도리,500,425,,
꿈,499,415,,
라스트,499,397,,
언타이틀,499,420,,
그리쉬,499,480,,
외출,497,471,,
지역,497,316,,
톰,497,390,,
파르티,496,449,,
페이지,496,420,,
핸드,496,401,,
세인트,495,430,,
공부,495,417,,
아메리칸,494,414,,
오니츠카,494,419,,
노력,493,448,,
이슈,493,428,,
무브먼트,493,422,,
토트백,492,376,,
발레,492,379,,
힐,492,396,,
소화,491,460,,
고생,491,472,,
여친,491,419,,
아워스코프,490,423,,
손목,490,405,,
무인양품,490,311,,
캔버스,489,384,,
심플,488,448,,
레트로,488,402,,
충전,488,386,,
전시회,487,376,,
그림,486,382,,
던스트,485,403,,
불량,485,361,,
렛,484,405,,
국,484,454,,
니콜슨,482,414,,
스트랩,481,360,,
에코,481,416,,
비용,481,350,,
부자재,480,391,,
효과,480,398,,
먼지,480,415,,
단면,479,341,,
쪼리,479,411,,
동생,479,418,,
아트,476,384,,
구스,476,346,,
호카,476,398,,
낭,476,238,,
기반,475,416,,
언제,475,455,,
처분,475,396,,
모드,474,396,,
라퍼지,474,442,,
스냅,473,363,,
사건,473,91,,
쉐입,472,393,,
미하,472,416,,
테켓,472,387,,
검수,472,383,,
무게,471,409,,
문선,470,400,,
스웻셔츠,470,375,,
라프 시몬스,470,379,,
렌즈,470,303,,
zara,470,342,,
아크,470,405,,
시절,469,424,,
버버리,469,355,,
야스히,469,390,,
말머리,469,468,,
blue,468,333,,
of,468,304,,
절개,468,343,,
아르켓,468,395,,
진짜,467,457,,
딥,466,375,,
musin,466,370,,
saapp.page.link,466,370,,
브레이,465,366,,
가게,465,372,,
아빠,465,311,,
런닝,464,352,,
제멋,464,437,,
센터,463,375,,
악세서리,463,413,,
전투,463,430,,
데우스,463,406,,
피코트,462,282,,
제목,461,436,,
뒷면,461,392,,
둘레,461,384,,
호불호,461,432,,
해석,460,373,,
텍스,460,338,,
염,460,361,,
선생,460,410,,
국밥,459,417,,
삼,457,407,,
버윅,456,324,,
전개,454,397,,
디스,454,318,,
존버,454,420,,
영롱,453,431,,
방수,452,369,,
대행,452,376,,
outer,451,291,,
체커,451,404,,
폭,451,379,,
특성,450,408,,
j,450,317,,
and,449,262,,
런던,449,366,,
야세,449,427,,
오전,449,405,,
wip,449,331,,
증정,449,286,,
요시다,449,397,,
갈색,449,389,,
튼튼,447,415,,
칼라,446,315,,
단정,445,408,,
라이더,445,371,,
야스히로,445,415,,
new,444,338,,
메뉴얼,444,393,,
us,443,312,,
레거시,443,365,,
촬영,442,350,,
내구,441,394,,
전문,441,302,,
아버지,441,332,,
젤카야노,441,390,,
뉴치프시크,441,373,,
제이,440,384,,
심,440,315,,
카키색,440,396,,
후리스,440,370,,
플리스,439,327,,
시대,438,330,,
공개,438,360,,
아저씨,437,387,,
고객,436,255,,
완벽,436,399,,
뉴욕,436,336,,
메탈,436,339,,
달러,435,293,,
우드,434,365,,
슬라이드,434,376,,
어머니,434,297,,
패키징,433,316,,
탱커,433,301,,
다이브,433,334,,
쯤,432,416,,
제임스,432,373,,
위캔더스,432,368,,
빵,432,368,,
토요일,431,377,,
엑스트라,431,383,,
비얼디드키드,430,402,,
루트,430,364,,
깊이,430,356,,
라코스테,429,342,,
말레,429,296,,
체감,429,411,,
조건,429,365,,
o,428,253,,
한정,428,399,,
드라이,428,331,,
평범,427,388,,
발목,427,357,,
웨이비니스,427,304,,
쿨,426,345,,
스틸,426,353,,
측,426,359,,
립스,425,352,,
정글,424,323,,
lemaire,423,243,,
파란색,423,370,,
타이거,423,372,,
지방,422,384,,
한남동,422,301,,
특별,421,352,,
마인드,421,377,,
폰,421,339,,
조셉트,421,403,,
다이어트,420,352,,
선배,420,362,,
약속,420,370,,
금지,419,308,,
장소,418,293,,
컴,418,360,,
다이,418,362,,
아이디,417,371,,
스토리,415,386,,
용도,415,383,,
카모,415,312,,
생로,415,315,,
삶,414,284,,
과,414,376,,
초록색,414,374,,
해링턴,414,307,,
일요일,413,354,,
암,412,342,,
총평,412,371,,
게임,411,303,,
polo,410,266,,
일정,410,361,,
엄마,410,294,,
트렌디,409,365,,
팀,409,320,,
비닐,409,354,,
우먼,409,319,,
트릴,409,373,,
맞이,408,395,,
스몰,408,307,,
왕,407,338,,
스트레스,407,353,,
고무,407,326,,
신세계,407,338,,
넘버,407,356,,
웨이트,407,316,,
펑크,406,336,,
웨이브,406,335,,
코어,406,347,,
대기,406,349,,
다행,405,398,,
출퇴근,405,368,,
대한민국,404,353,,
기록,404,341,,
바이,404,345,,
on,404,346,,
취미,403,351,,
모노,403,370,,
요번,403,382,,
세탁기,403,340,,
아스토플렉스,403,299,,
과거,402,320,,
vintage,402,257,,
가공,402,288,,
헤드셋,402,359,,
나이스,402,342,,
퍼센트,401,361,,
숄더백,401,318,,
실크,401,297,,
사카이,401,324,,
팩토리,400,324,,
치수,400,343,,
별,400,335,,
페어,400,304,,
주년,399,344,,
릭오웬스,399,314,,
기모,399,325,,
영감,398,339,,
실내,398,364,,
진심,398,368,,
캐트릿,398,390,,
알바,398,312,,
바라쿠타,398,259,,
염색,397,247,,
정상,397,331,,
jw,397,319,,
멜,397,317,,
모스콧,397,390,,
베이직,396,339,,
사기,396,325,,
후면,396,253,,
파인,396,353,,
낫,395,356,,
재팬,395,306,,
군인,395,373,,
새벽,395,359,,
높이,395,311,,
사회,394,266,,
장난,394,381,,
사고,394,366,,
종이,394,351,,
사운즈,393,368,,
충분,393,376,,
두툼,393,349,,
관세,393,302,,
믹스,392,356,,
의,392,331,,
목적,392,338,,
루이비통,392,310,,
비이커,392,313,,
아나토미,392,279,,
마운틴,391,298,,
수납,391,316,,
모카,391,341,,
형사,391,24,,
몽벨,391,267,,
운영,390,308,,
고견,390,384,,
도리,390,373,,
리얼 맥코이,390,295,,
조화,389,315,,
립,389,330,,
랑,389,369,,
헬스,389,354,,
와플,388,331,,
제거,388,306,,
만약,388,379,,
전반,387,352,,
플라스틱,387,324,,
오묘,387,368,,
캡틴,386,275,,
란,386,345,,
구제,386,296,,
공원,385,286,,
킬,385,337,,
아톰,385,283,,
노래,384,299,,
디너,384,345,,
ykk,384,326,,
삭스,384,310,,
더플,384,291,,
신발장,382,362,,
투자,382,334,,
구장,382,376,,
골,382,338,,
캠핑,381,285,,
호텔,381,265,,
강,380,351,,
대전,380,279,,
프,380,344,,
징,380,343,,
벨,380,327,,
메종키츠네,380,338,,
위드,379,229,,
병,379,341,,
상세,379,332,,
키스,378,259,,
파워,378,315,,
옷걸이,378,274,,
부모,377,291,,
큐,377,333,,
유럽,376,293,,
시장,376,290,,
작명,376,23,,
파리,375,255,,
studio,375,309,,
복장,375,319,,
확실,374,351,,
xlim,374,246,,
면접,374,206,,
터치,373,291,,
플리츠,373,284,,
aw,373,232,,
카펜터,373,261,,
아프레쎄,373,231,,
열,373,353,,
하츠,373,326,,
레인저,372,315,,
족,371,330,,
모크넥,371,294,,
헤지스,371,280,,
최소,370,350,,
grey,370,286,,
예술,370,289,,
경,369,301,,
유튜버,369,325,,
cp,369,295,,
양쪽,369,339,,
직장인,368,346,,
음식,368,291,,
성,367,264,,
당신,367,167,,
주의,367,314,,
시스템,367,282,,
돌,367,310,,
피그,367,296,,
럭비,367,241,,
귀,367,325,,
닥마,367,310,,
앤더슨,366,307,,
앤드,366,276,,
나라,366,316,,
white,366,298,,
ymclky,366,310,,
시카고,365,297,,
애쉬,365,329,,
겉,364,344,,
일자,364,328,,
대두,364,311,,
숙소,364,242,,
brand,363,316,,
함,363,334,,
틴,363,287,,
옐로우,362,282,,
랜드,362,297,,
평일,362,331,,
상담,362,166,,
아워셀브스,362,178,,
니들스,361,270,,
스웻팬츠,361,340,,
부기,360,262,,
선선,359,351,,
마찬가지,359,316,,
애용,359,342,,
오염,359,280,,
저것,359,350,,
회생,359,29,,
베타,359,259,,
uk,359,211,,
어미,359,315,,
고가,358,317,,
센치,358,283,,
노페,358,298,,
차이점,357,320,,
석,357,283,,
목표,356,300,,
공장,356,212,,
지원,356,223,,
평가,356,313,,
최,356,345,,
바토즈,356,308,,
터틀넥,355,285,,
자크뮈스,355,271,,
보풀,355,283,,
장바구니,355,316,,
결혼,355,294,,
윌,354,296,,
자국,354,288,,
장터,354,312,,
엔드,353,324,,
레인,353,271,,
웨이팅,353,278,,
디렉터,352,240,,
버클,352,245,,
xs,351,248,,
성수동,351,297,,
작품,350,213,,
계정,350,300,,
모델명,350,329,,
빔,349,226,,
종일,349,336,,
아이러니,349,321,,
wide,349,240,,
이틀,349,335,,
홍,349,171,,
낫포너드,349,335,,
애정,348,320,,
mpq,348,319,,
소비자,347,183,,
스테디,347,307,,
현,347,334,,
댄디,346,327,,
샘플,346,261,,
상사,346,314,,
yiyae,346,290,,
케어,345,239,,
와중,345,337,,
캐쥬,345,332,,
판단,345,300,,
장애,344,336,,
추위,344,325,,
봉,344,285,,
코치,344,264,,
섹시,344,265,,
스트,344,280,,
마스크,344,300,,
일부,343,305,,
이티씨이,343,290,,
바닥,343,310,,
아이폰,343,271,,
기온,343,310,,
프리휠러스,343,204,,
로맨틱,342,310,,
아일랜드,342,275,,
핏감,342,324,,
류,342,331,,
린스,342,225,,
벌스데이수트,341,307,,
발생,341,240,,
하늘,340,309,,
캠프,340,293,,
뮬,340,272,,
리오,340,282,,
빳빳,340,312,,
파츠,340,312,,
도시,339,192,,
잠,339,306,,
언급,339,302,,
안내,339,245,,
덩치,339,322,,
made,338,252,,
잼,338,311,,
뜻,337,298,,
졸업,337,295,,
당장,337,329,,
오리지날,337,250,,
퍼스트,337,285,,
웍,336,326,,
오프닝,336,263,,
웨스트,336,259,,
파프,336,251,,
교체,336,281,,
샤카웨어,336,329,,
매드고트,336,318,,
usa,335,274,,
이러,335,207,,
샌드,334,272,,
알파 인더스트리,334,284,,
시험,334,264,,
뿔테,333,256,,
리즈,332,278,,
피곤,332,297,,
머렐,332,281,,
음악,331,182,,
플레이,331,305,,
노우,331,295,,
불가,331,295,,
구리,331,309,,
감마,331,255,,
나인,330,289,,
보스턴,330,270,,
니들,330,287,,
라이브,330,276,,
알파,330,253,,
슬림핏,330,287,,
증,330,111,,
ootd,330,312,,
레인보우,330,266,,
퍼렌,330,247,,
온도,329,285,,
갤럭시,329,273,,
크루넥,328,276,,
설치,327,67,,
완전,327,313,,
춘,327,309,,
밀리,326,303,,
규,326,323,,
사악,326,317,,
치킨,326,281,,
굿라이프웍스,326,302,,
솔로,325,276,,
카멜,325,267,,
최종,325,302,,
비율,325,273,,
필스,325,272,,
인간,324,267,,
토트,324,289,,
어플,324,276,,
리지,324,253,,
식스핏,324,291,,
론,324,283,,
캡샤,324,248,,
형제,323,269,,
미세,323,295,,
업로드,323,300,,
페플,323,286,,
에프,322,277,,
굿즈,322,259,,
손가락,322,297,,
역,322,222,,
플리,322,218,,
좌,322,223,,
에드,321,295,,
물량,321,282,,
belt,321,234,,
권,320,268,,
솔드 아웃,320,285,,
움,319,275,,
vdr,318,256,,
파이어,318,269,,
크루,318,265,,
오트밀,318,239,,
전신,318,303,,
구글,318,293,,
우산,318,272,,
히든,318,264,,
로스코,318,285,,
코리아,317,258,,
취급,317,267,,
경찰,315,48,,
balenciaga,315,245,,
수량,315,275,,
메리트,315,289,,
롱패딩,315,257,,
메일,314,205,,
러프넥,314,271,,
플라워,313,257,,
번개,313,264,,
휘뚜루,313,306,,
하체,313,287,,
골프,312,198,,
아조바이아조,312,266,,
지하철,312,272,,
아영,312,282,,
빵빵,312,280,,
standard,311,209,,
에디션,311,261,,
파랑,311,267,,
안전,311,256,,
데이 브레이크,311,287,,
어센틱,311,302,,
comments,311,306,,
현실,310,275,,
마리,310,284,,
묵직,310,277,,
폴리테루,310,196,,
파일,310,161,,
평생,310,284,,
샥스,309,262,,
입구,309,280,,
navy,309,246,,
포르노,309,283,,
eyewear,309,221,,
미군,309,219,,
훌륭,308,275,,
브이,308,286,,
꼼데가르송,308,273,,
교토,308,198,,
벤,308,261,,
변경,308,273,,
응모,308,239,,
굿라이프,308,303,,
장마,308,280,,
하이드,307,260,,
화려,307,264,,
리벳,307,196,,
건물,307,184,,
썬,307,268,,
순서,307,280,,
출발,306,264,,
예스,306,286,,
문자,306,221,,
멜라,306,280,,
나투시,306,272,,
정보과,306,3,,
품목,305,272,,
ept,305,269,,
포럼,305,261,,
se,305,284,,
항공,304,263,,
입점,304,262,,
딸,304,188,,
무게감,303,253,,
하늘색,303,274,,
당황,303,290,,
의도,302,268,,
플랫폼,302,242,,
토바코,302,259,,
양,301,271,,
동시,301,284,,
이벳,301,256,,
준,301,278,,
추억,300,264,,
반복,300,244,,
프랑스,300,204,,
슬릭,300,268,,
메신저,300,245,,
노쿨러스,300,239,,
배색,299,252,,
더플코트,299,253,,
러브,299,217,,
고정,298,263,,
채,298,270,,
감안,298,287,,
실밥,298,247,,
링거,298,202,,
외부,297,219,,
project,297,212,,
브레스,297,269,,
포스트맨,297,253,,
유일,296,284,,
투어,296,250,,
커브드,296,253,,
디네댓,296,266,,
단단,295,245,,
설,295,272,,
케이블,295,229,,
혼방,295,265,,
예산,295,286,,
트레이닝,294,253,,
고양이,294,247,,
축구,294,233,,
빨간색,294,256,,
렌,294,227,,
mod,294,193,,
개성,293,232,,
앨범,293,126,,
시크,292,264,,
따듯,292,275,,
곱창,292,264,,
룰,292,279,,
경찰청,292,3,,
보완,291,267,,
bb,291,189,,
햇빛,291,273,,
크리,291,265,,
이혼,291,16,,
평균,290,248,,
방송,290,261,,
발달,290,278,,
마트,290,266,,
데미지,289,232,,
ee,289,228,,
후보,288,224,,
충동,288,278,,
피터슨,288,222,,
현역,288,257,,
oam.,288,245,,
실용,287,263,,
대상,287,263,,
stussy,287,224,,
단독,287,253,,
도메,287,241,,
세미오버핏,287,272,,
마이,286,252,,
순위,286,205,,
미하라야스히로,286,266,,
스테디에브리웨어,285,246,,
직장,285,257,,
상당,285,268,,
평상시,285,274,,
푸어,285,266,,
추석,285,248,,
lt,285,197,,
아이덴티티,284,259,,
스트리트,284,109,,
배경,284,262,,
수정,284,247,,
아일,284,212,,
컴팩트,284,262,,
한동안,284,277,,
스탠 스미스,284,244,,
민트,284,219,,
박음질,284,220,,
올검포스,284,264,,
마티스,283,245,,
st,283,231,,
덱,283,201,,
관계,282,245,,
페이스,282,243,,
머듈,282,222,,
면세,282,189,,
할리,281,218,,
롯데,281,234,,
파브레가,281,243,,
가운데,280,260,,
시트,280,237,,
켤레,280,232,,
금장,280,205,,
마뗑킴,279,243,,
배우,279,239,,
제일,279,277,,
상대,278,252,,
메카,278,257,,
합,278,271,,
보강,278,201,,
누나,278,240,,
유사,277,258,,
이동,277,216,,
강남,277,237,,
면바지,277,258,,
꾸안꾸,277,261,,
마마,277,166,,
현행,277,206,,
musinsa,276,177,,
답답,276,265,,
샤인,276,214,,
요,276,261,,
제주,276,215,,
닉,275,250,,
퍼스널,275,246,,
셀린,275,221,,
외투,275,222,,
knit,274,225,,
영향,274,222,,
직,274,242,,
극,274,234,,
sew,274,199,,
wool,274,190,,
vans,273,182,,
스티커,273,215,,
프림,273,260,,
괜,273,262,,
에크루,273,216,,
코로나,272,242,,
얼룩,272,219,,
스키,272,219,,
카본,272,226,,
엑라,272,233,,
등판,272,245,,
버즈,272,222,,
역사,271,182,,
인테리어,271,216,,
세이지,271,211,,
일교차,271,265,,
비스,271,235,,
이지 갭,271,224,,
반대,270,255,,
탈,270,239,,
디네뎃,270,238,,
밸런스,269,222,,
휴머니티,269,185,,
군데,269,238,,
간지,269,262,,
무텐다드,269,230,,
쿠팡,269,232,,
초겨울,269,258,,
현지,268,241,,
shoe,268,132,,
발송,268,212,,
한쪽,268,234,,
묘,268,218,,
도어,268,219,,
스포티,267,237,,
레귤러핏,267,229,,
웬만,267,265,,
필루미네이트,267,245,,
부착,266,233,,
supreme,266,205,,
러,266,253,,
페인팅,266,220,,
니티드,265,246,,
불구,265,254,,
듯이,265,260,,
by,264,182,,
스케이트,264,225,,
결,264,253,,
비비안 웨스트우드,264,231,,
메쉬,264,212,,
식당,264,198,,
대중,263,200,,
실망,263,241,,
퍼블릭,263,233,,
하단,262,239,,
월드,262,233,,
바탕,261,204,,
클락스,261,252,,
와인,261,191,,
압구정,260,228,,
매,260,249,,
정사,260,230,,
plac,259,231,,
핫,259,237,,
선택지,259,239,,
토우,259,134,,
큐레이터,258,231,,
영어,258,240,,
핏으,258,254,,
도배,258,252,,
lot,258,219,,
타운,258,197,,
파브레,258,229,,
bvh,258,237,,
접근,257,172,,
욕심,257,251,,
캠퍼스,257,222,,
조사,256,143,,
감탄,256,231,,
임,256,241,,
골반,256,232,,
한강,256,216,,
알리,256,188,,
어그,255,218,,
리버,255,227,,
눈치,255,242,,
이때,255,221,,
지속,254,206,,
제한,254,213,,
무늬,254,208,,
올스타,254,230,,
레터,254,205,,
위시,254,228,,
하자,254,191,,
야외,253,231,,
등장,253,207,,
셔터,253,211,,
스타일리스트,253,234,,
아크네 스튜디오,253,208,,
어반스터프,253,239,,
수령,253,229,,
price,253,242,,
숄,252,216,,
떠그,252,197,,
샴브레이,252,193,,
디트로이트,252,188,,
스콧,252,220,,
강아지,252,219,,
촌,252,233,,
헤릴,252,186,,
그동안,251,247,,
콘,251,212,,
빨강,251,213,,
화이팅,251,249,,
mjd,251,227,,
성격,250,210,,
마실,250,243,,
락스,250,199,,
free,249,191,,
쉘,249,206,,
목록,249,220,,
베트남,249,211,,
cafe.naver.com,249,152,,
눈물,249,236,,
잠실,249,215,,
소버먼트,249,220,,
our,248,172,,
형식,248,228,,
퀼팅,248,190,,
혀,248,211,,
코듀로,248,214,,
대학교,248,192,,
편의점,248,213,,
시부야,248,177,,
측면,247,224,,
경기,247,186,,
노란색,247,222,,
지출,247,231,,
프릭스,247,200,,
초어,246,197,,
이외,246,233,,
노트북,246,205,,
빨래,246,212,,
로프,246,205,,
본디,246,207,,
ysl,246,74,,
jeans,245,166,,
페이퍼,245,208,,
asics,245,207,,
엄브로,245,201,,
챙,245,188,,
메종 마르지엘라,245,213,,
dp,245,195,,
이태원,245,192,,
웰,245,204,,
에씰미,245,210,,
지난번,245,232,,
나시,245,205,,
베이,244,198,,
이사,244,186,,
미즈노,244,194,,
억,244,132,,
검정색,244,238,,
마르니,244,210,,
그랑,244,223,,
저지,243,193,,
가로수길,243,204,,
루프,243,179,,
mmlg,243,204,,
구조,242,195,,
버킷,242,222,,
커뮤니티,242,191,,
코인,242,207,,
당일,242,206,,
탓,242,220,,
비밀,241,220,,
쿠션,241,196,,
단종,241,219,,
리트리버,241,236,,
coat,240,163,,
짭,240,200,,
아무것,240,232,,
불안,240,208,,
헨리넥,240,201,,
데케트,240,229,,
지향,239,214,,
인더로우,239,215,,
세련,239,213,,
수입,239,204,,
visvim,239,40,,
의심,239,212,,
포스트,239,181,,
애습,238,205,,
레이블,238,195,,
oz,238,183,,
엠씨,238,204,,
클론,238,218,,
영하,238,224,,
발가락,238,207,,
후브스,238,206,,
shirts,237,173,,
조명,237,205,,
way,237,180,,
카시,237,212,,
사무실,237,214,,
끼,237,228,,
멀티,236,198,,
헤드폰,236,209,,
한글,236,220,,
순,236,217,,
전문가,235,196,,
피셔,235,174,,
비즈비,235,146,,
컴피쿠시,235,204,,
스튜어트,235,216,,
등급,235,192,,
youth,234,178,,
브레이커,234,205,,
등록,234,178,,
랜,234,200,,
converse,234,143,,
브로,234,179,,
로얄,234,206,,
관,234,202,,
량,234,182,,
공연,234,138,,
리뉴얼,233,183,,
블리치,233,178,,
고리,233,191,,
아시,233,233,,
방지,233,210,,
용기,233,219,,
양해,233,230,,
왕발,232,216,,
희,232,205,,
변색,232,190,,
la,231,116,,
종아리,231,194,,
brown,231,178,,
피렌체,231,201,,
벌룬,231,204,,
매스노운,231,220,,
웍스,230,202,,
레몬,230,180,,
똥,230,211,,
맥주,230,192,,
마샬,230,206,,
요것,230,209,,
서촌,230,183,,
공항,230,170,,
원더,229,172,,
leather,229,167,,
메뉴,229,189,,
의문,229,218,,
중순,229,213,,
세탁소,229,212,,
보정,229,201,,
센트,229,216,,
뉴스보이,229,151,,
no,228,160,,
포근,228,204,,
coor,228,153,,
베드,228,187,,
완,228,206,,
선착순,228,215,,
체격,228,215,,
출장,228,196,,
prtprt,228,199,,
수집,227,165,,
상징,227,170,,
to,227,139,,
독,227,183,,
고스트,227,203,,
보라색,227,199,,
상하,227,219,,
ourpas,227,120,,
탄,226,192,,
비전,226,181,,
감동,226,199,,
마뚜루,226,221,,
한참,226,220,,
스텝,226,191,,
웜,226,201,,
의뢰인,226,20,,
주제,225,175,,
오랫동안,225,215,,
주류,225,197,,
적절,225,203,,
웨일즈보너,225,179,,
무시,225,214,,
수원,225,154,,
미카엘,225,168,,
데밀,225,173,,
장식,224,165,,
윈,224,190,,
로어링라드,224,190,,
베어,224,162,,
디깅,224,210,,
법률,224,38,,
현상,223,187,,
카키스,223,180,,
기업,223,165,,
보호,223,118,,
합격,223,196,,
궁합,223,197,,
시선,222,210,,
록,222,167,,
balance,222,163,,
주인공,222,177,,
세로,222,177,,
마리아,222,169,,
보테,222,202,,
지난주,222,216,,
드레서,222,166,,
선수,221,160,,
헌팅,221,186,,
직전,221,215,,
트라우저,221,180,,
마라,221,206,,
큰일,221,215,,
페,221,210,,
타일,220,188,,
트루,220,133,,
뀨웃,220,217,,
스트레이트핏,220,206,,
스탠스,220,130,,
길거리,219,196,,
혼,219,201,,
트렌치코트,219,179,,
이곳,219,144,,
cdg,219,187,,
저기,219,209,,
적응,219,209,,
무탠,219,200,,
마련,218,194,,
호주,218,144,,
인도,218,187,,
벌룬핏,218,186,,
고등학생,218,215,,
하라주쿠,218,137,,
eql,218,188,,
이염,218,200,,
스노우,218,170,,
익스프레스,218,188,,
상상,217,200,,
코팅,217,173,,
퓨어,217,167,,
브이넥,217,179,,
작,217,186,,
대지,217,161,,
아무,217,210,,
죽,217,183,,
토이즈맥코이,217,181,,
환경,216,171,,
식사,216,176,,
눈길,216,208,,
스미스,216,176,,
다트,216,164,,
리세,216,210,,
누님,216,208,,
캐시,216,159,,
정지,215,194,,
밀텍,215,159,,
개발,214,168,,
cotton,214,169,,
트렌치,214,172,,
써저리,214,186,,
재스퍼,214,181,,
램,214,172,,
역대,214,193,,
절차,214,72,,
언어펙티드,213,179,,
건지울른스,213,194,,
하드,213,189,,
유핑,213,204,,
다이소,213,196,,
리끌로우,213,203,,
스피드,212,189,,
이탈리아,212,161,,
바이커,212,159,,
헤드,212,148,,
잎,212,190,,
단계,212,147,,
녹색,212,186,,
슈가,212,159,,
작가,211,178,,
시점,211,196,,
인정,211,193,,
지하,211,168,,
스페이스,211,172,,
브로치,211,169,,
썸,211,164,,
특가,211,186,,
down,210,133,,
성장,210,165,,
익숙,210,195,,
겉감,210,174,,
신규,210,179,,
핸드폰,210,185,,
츄리닝,210,193,,
주황색,210,188,,
냥,210,178,,
상남자,210,193,,
애초,210,202,,
리프로덕션,210,189,,
뻣뻣,210,196,,
제품군,209,170,,
운전,209,174,,
클라우드,209,172,,
주우재,209,194,,
예민,209,198,,
땜,209,205,,
abc,209,185,,
up,209,179,,
mmw,209,174,,
리테일,209,189,,
tshirt,209,76,,
계속,208,169,,
공정,208,98,,
결합,208,174,,
연결,208,184,,
옥,208,170,,
단화,208,184,,
떡,208,187,,
근무,208,165,,
요약,208,165,,
주일,208,201,,
병원,208,169,,
소노마,208,186,,
아쉬움,208,197,,
감각,207,184,,
페이드,207,192,,
체,207,198,,
월급,207,195,,
출고,207,164,,
약,207,163,,
노랑,207,183,,
살로,207,197,,
고기,207,171,,
소신,206,177,,
현장,206,172,,
혜택,206,155,,
legacy,206,154,,
블레이져,206,174,,
앞쪽,206,189,,
입대,206,180,,
카고팬츠,206,199,,
티씨,206,182,,
전달,205,174,,
is,205,171,,
사계절,205,189,,
나무,205,176,,
레이싱,205,156,,
클라인,205,191,,
영업,205,152,,
수요일,205,187,,
압도,205,197,,
기술,204,154,,
철,204,173,,
office,204,149,,
만족감,204,189,,
본격,204,192,,
긴자,204,128,,
패드,204,172,,
csc,204,158,,
실수,204,188,,
코오롱,204,165,,
네이션,204,186,,
로크,204,133,,
프레임,203,155,,
가로,203,163,,
레이스,203,161,,
딱딱,203,188,,
확정,203,173,,
미용실,203,166,,
미드나잇,203,177,,
tngt,203,177,,
매너,203,183,,
샌더스,203,124,,
장인,202,147,,
대안,202,194,,
매니아,202,188,,
기사,202,162,,
목요일,202,185,,
store,202,128,,
미하라,202,190,,
네스,202,158,,
헌터,202,152,,
화요일,202,192,,
아무거,202,202,,
로키,202,166,,
트레이너,202,169,,
슈포스,202,181,,
고아캐드,202,175,,
헬스장,202,173,,
무브,202,184,,
퍼머넌트,202,170,,
satur,201,132,,
핀,201,176,,
킴,201,155,,
헬멧,201,146,,
이랑,201,196,,
셀프,201,185,,
개파카,201,172,,
바이크,200,166,,
한정판,200,169,,
초콜릿,200,158,,
딜,200,172,,
치프,200,156,,
블러,200,172,,
르아브,199,156,,
낭만,199,182,,
필름,199,142,,
반응,199,189,,
쓰리,199,158,,
복귀,199,184,,
퓨마,199,177,,
갑,199,180,,
유광,199,171,,
aeae,199,180,,
에이지,199,171,,
집중,198,184,,
쇼트,198,161,,
멕시코,198,158,,
소송,198,36,,
구형,198,122,,
비커,198,176,,
wmc,198,162,,
반영,197,161,,
모티브,197,176,,
변형,197,172,,
샌프란시스코,197,43,,
스모크,197,175,,
방울,197,173,,
이내,197,157,,
방출,197,164,,
식스,197,178,,
브랜즈,197,164,,
archive,196,160,,
에르메스,196,159,,
각인,196,161,,
통장,196,177,,
돼지,196,182,,
캘빈,196,176,,
햄,196,180,,
유로,196,134,,
김정현,196,196,,
쏘유레슈어,196,186,,
summer,195,154,,
factory,195,175,,
보급,195,88,,
maison,195,141,,
듀테로,195,172,,
여성분,195,185,,
투시,195,179,,
뿔,195,146,,
환,195,175,,
카피,195,102,,
지플리시,195,181,,
샴브,195,169,,
모던,194,178,,
블론드,194,174,,
측정,194,158,,
총알,194,189,,
여,194,189,,
포즈,194,184,,
인천,194,123,,
울프,194,163,,
체결,194,152,,
매니저,194,156,,
우스,194,168,,
쫀쫀,194,174,,
뒷모습,194,158,,
까르띠에,194,146,,
소프트,193,165,,
개봉,193,176,,
라운지,193,156,,
gray,193,151,,
소개팅,193,149,,
아디매틱,193,171,,
미디엄,193,157,,
재산,193,46,,
전통,192,123,,
중심,192,155,,
타이핑,192,151,,
떄,192,169,,
져지,192,163,,
빅샷,192,168,,
look,192,125,,
미래,191,148,,
컵,191,170,,
축,191,166,,
채널,190,166,,
풍성,190,161,,
파티,190,155,,
표시,190,159,,
스팟,190,163,,
노아,190,100,,
연,190,183,,
라퍼지스토어,190,187,,
최저,190,178,,
모음,190,178,,
에,189,170,,
서브,189,166,,
스프레이,189,140,,
양가죽,189,156,,
랭,189,158,,
마땅,189,189,,
깡패,189,181,,
젠틀몬스터,189,180,,
fit,189,152,,
해군,188,131,,
피어,188,119,,
부스,188,161,,
이득,188,177,,
미안,188,164,,
여부,188,167,,
단위,188,162,,
한파,188,171,,
토우토우,188,174,,
투박,187,173,,
적합,187,177,,
shop,187,158,,
칠,187,164,,
피티,187,163,,
어웨이,187,177,,
첫날,187,176,,
보스,187,156,,
보고,187,182,,
르아르,187,172,,
bk,187,148,,
차분,186,174,,
화보,186,156,,
깨끗,186,170,,
시어서커,186,146,,
플랫,186,155,,
막,186,170,,
as,186,127,,
개선,186,160,,
마이너스,186,157,,
잠옷,186,165,,
beige,186,136,,
헬,186,164,,
캐리어,186,155,,
폴라,186,169,,
롤렉스,186,141,,
경주,186,130,,
네이버 웹툰,186,118,,
parka,185,131,,
뒤쪽,185,167,,
아기,185,141,,
카톡,185,166,,
추,185,177,,
중복,185,167,,
세븐피겨스,185,125,,
네이머클로딩,184,144,,
추후,184,173,,
표정,184,171,,
대단,184,175,,
구매자,184,142,,
지성,184,178,,
칭찬,184,177,,
몸통,184,163,,
이태리,184,143,,
다트포드,184,157,,
안정,183,157,,
one,183,154,,
독일,183,161,,
바라크,183,164,,
세븐,183,153,,
원피스,183,147,,
어른,183,140,,
발라,183,168,,
하얀색,183,173,,
드라마,183,144,,
짝,183,158,,
당,183,167,,
오일,183,148,,
오피,183,130,,
벨벳,182,147,,
사자,182,172,,
에어로,182,100,,
오베이,182,170,,
숨,182,167,,
컬티즘,182,122,,
데이비스,182,149,,
llud,182,169,,
빈폴,182,152,,
세인트 미카엘,182,87,,
위트,181,159,,
역할,181,129,,
감정,181,109,,
levi,181,98,,
프레스,181,136,,
미만,181,176,,
이드,181,158,,
지식,181,157,,
반값,181,171,,
접수,181,94,,
정석,181,173,,
팀버,181,148,,
화장실,181,169,,
이예,181,149,,
hbt,181,123,,
완성도,180,166,,
에잇세컨즈,180,170,,
흥미,180,161,,
핏더팬,180,175,,
장발,180,147,,
피자,180,138,,
이날,180,150,,
오타,180,133,,
oco,180,124,,
캐릭터,179,146,,
리프,179,142,,
엑,179,156,,
상단,179,163,,
캣,179,163,,
대형,179,150,,
뉴진스,179,128,,
리엘,179,165,,
당연,179,173,,
둘째,179,164,,
팔로우,179,154,,
정답,179,161,,
위스키,179,148,,
논노,179,158,,
로헤이드,179,174,,
장르,178,128,,
섬,178,131,,
light,178,138,,
크랙,178,152,,
찰나,178,173,,
페니로퍼,178,140,,
볼륨,178,147,,
루즈핏,178,154,,
테크,178,142,,
정식,178,165,,
카네이테이,178,163,,
코코,178,154,,
테이퍼드,178,167,,
밋밋,178,168,,
구김,178,151,,
육아,178,139,,
환율,178,166,,
브레이크,178,157,,
월스,178,166,,
나고야,178,110,,
힙합,177,154,,
초기,177,135,,
삿포로,177,115,,
킬로,177,140,,
케일,177,140,,
경조사,177,157,,
짓,177,168,,
흔,177,170,,
힐링,177,168,,
nrg,177,139,,
벨룻,177,174,,
호카오네오네,177,166,,
띠어리,177,119,,
라이,177,155,,
오더플리즈,177,170,,
설립,176,140,,
내외,176,160,,
inner,176,92,,
사전,176,147,,
테니스,176,111,,
자전거,176,133,,
업무,176,143,,
페이크,176,158,,
미술관,176,138,,
스마트,176,154,,
스푼,176,162,,
먹,176,163,,
고고,176,162,,
겨드랑이,176,148,,
비즈니스,175,145,,
런칭,175,140,,
특정,175,160,,
정면,175,154,,
규모,175,118,,
근래,175,169,,
파이브,175,145,,
ssrl,175,169,,
넥스트,175,152,,
newbalance,174,163,,
페니,174,150,,
사선,174,155,,
근육,174,157,,
타미 힐피거,174,163,,
피지컬,174,165,,
사과,174,136,,
요놈,174,168,,
하객,174,154,,
찬물,174,159,,
kapital,174,102,,
어나더오피스,174,136,,
jwa,174,138,,
소중,173,161,,
플래그,173,139,,
위아래,173,169,,
리버시블,173,142,,
지급,173,141,,
락시크,173,156,,
고온,173,110,,
내역,173,129,,
메르고,173,138,,
제안,172,144,,
세월,172,157,,
매출,172,44,,
부위,172,146,,
하와이,172,121,,
컨디션,172,152,,
vest,172,123,,
비루,172,166,,
서포터즈,172,130,,
with,171,133,,
ourlegacy,171,120,,
제조,171,123,,
우마뭉,171,155,,
샤넬,171,134,,
골든,171,134,,
짤,171,157,,
이베이,171,142,,
창고,170,154,,
헬리,170,136,,
리츠,170,154,,
응원,170,158,,
데저트,170,147,,
래,170,150,,
아이비,170,128,,
반디,170,153,,
매쉬,170,145,,
시세,170,151,,
예루살렘,170,145,,
구이디,170,148,,
전생,170,158,,
알파카,170,128,,
헤리,170,135,,
zip,169,145,,
neck,169,86,,
러버,169,132,,
유튭,169,162,,
난리,169,159,,
다음날,169,161,,
메리,168,150,,
피크,168,126,,
한남,168,146,,
로아,168,139,,
인솔,168,134,,
수제,168,153,,
악세,168,167,,
hat,168,137,,
매거진,167,123,,
iey,167,151,,
닭,167,135,,
월스와일,167,154,,
하루타,167,153,,
각종,167,147,,
아이패드,167,136,,
유료,167,116,,
자동,167,149,,
학년,167,112,,
녹,167,141,,
가정,166,150,,
태그,166,131,,
소문,166,155,,
미하라야스히,166,150,,
클리어,166,146,,
그리드,166,155,,
인디,166,145,,
웨스,166,93,,
ssy,166,158,,
샴브레,166,146,,
용품,165,139,,
카야노,165,139,,
수염,165,130,,
휴일,165,149,,
다이아몬드,165,148,,
오니츠카타이거,165,162,,
대화,165,140,,
옥스퍼드,165,150,,
얄쌍,165,155,,
그랜드,165,137,,
적립,165,134,,
환생,165,149,,
컨트리,165,115,,
green,164,137,,
전용,164,152,,
와,164,155,,
충,164,149,,
탱크,164,136,,
잠바,164,137,,
목포,164,150,,
애기,164,151,,
tee,164,141,,
레코드,164,148,,
apc,164,155,,
마카,164,118,,
랜덤 워크,164,132,,
cosstores,164,46,,
for,163,118,,
거주,163,150,,
인식,163,139,,
color,163,107,,
실사,163,123,,
전국,163,135,,
리넨,163,129,,
윤,163,141,,
모스,163,141,,
압박,163,137,,
z,163,122,,
스텐,163,142,,
수피마,163,115,,
indigo,163,116,,
라멘,163,117,,
욕구,162,151,,
천연,162,119,,
웹,162,142,,
드롭,162,133,,
피스워커,162,159,,
라펠,162,114,,
트로피,162,134,,
보트,162,135,,
외국,162,147,,
홍보,162,102,,
합정,162,140,,
socks,162,157,,
위반,162,159,,
watch,161,86,,
페리,161,120,,
붐,161,144,,
땅,161,137,,
스타더스트,161,137,,
구이,161,142,,
끌,161,154,,
선정,160,142,,
카이,160,142,,
네임,160,137,,
위크,160,134,,
라이너,160,113,,
비치,160,98,,
롯데월드,160,135,,
명작,160,148,,
소량,160,148,,
유니버시티,160,148,,
욕,160,152,,
ml,160,104,,
도프제이슨,160,158,,
리트,160,122,,
최초,159,136,,
남성복,159,125,,
paf,159,104,,
신주쿠,159,100,,
요지,159,134,,
남색,159,144,,
연차,159,150,,
날짜,159,120,,
피드,159,145,,
셀러,159,124,,
줍줍,159,145,,
다짐,159,153,,
남편,159,103,,
에러스익셉티드,159,149,,
미라보,159,144,,
공기,158,143,,
체커보드,158,152,,
디피,158,129,,
오바,158,154,,
체중,158,145,,
별거,158,148,,
머슬핏,158,144,,
로랑,158,121,,
토앤토,158,142,,
boots,158,110,,
주황,158,136,,
법원,158,39,,
형성,157,138,,
스커트,157,120,,
클레어,157,135,,
사파리,157,128,,
초보,157,152,,
코르테즈,157,136,,
mtr,157,113,,
제출,157,38,,
쉐도우,157,134,,
herill,157,84,,
분야,156,121,,
오라리,156,135,,
투표자,156,149,,
초여름,156,147,,
뇌,156,148,,
용산,156,130,,
비행기,156,133,,
페로우즈,156,117,,
칼하트윕,156,123,,
노티카,156,141,,
le,155,125,,
정의,155,92,,
바디,155,126,,
풍경,155,134,,
무어,155,149,,
텔,155,127,,
한화,155,127,,
쿠키,155,130,,
보류,155,145,,
쌈,155,149,,
라면,155,127,,
삼포,155,116,,
학원,155,114,,
덤,155,147,,
코듀,155,142,,
도매,155,129,,
코모리,155,116,,
희망,154,139,,
유용,154,149,,
라인업,154,132,,
충격,154,139,,
마이크로,154,137,,
레디,154,138,,
rbu,154,119,,
리우아,154,153,,
한잔,154,149,,
esn,154,151,,
온스,154,121,,
pk,154,117,,
수능,154,121,,
공군,154,89,,
젠몬,154,138,,
투명,153,131,,
인템포무드,153,149,,
우아,153,115,,
통기,153,136,,
적극,153,139,,
뒤꿈치,153,129,,
카우보이,153,122,,
축제,153,112,,
트위스트,153,123,,
명칭,153,141,,
명동,153,123,,
반집,153,139,,
크로우,153,141,,
연예인,153,124,,
dark,153,115,,
상위,153,140,,
우측,153,137,,
본가,153,142,,
탄생,152,129,,
마하,152,143,,
아티스트,152,100,,
소품,152,133,,
곳곳,152,131,,
쇼핑백,152,138,,
캐나다,152,96,,
토니,152,136,,
세쿠시,152,141,,
레전드,152,137,,
구비,152,141,,
타이밍,152,147,,
하이넥,152,134,,
강력,151,142,,
푸퍼,151,125,,
철학,151,100,,
네이머클,151,120,,
패널,151,102,,
닷,151,140,,
플루,151,142,,
상자,151,122,,
신형,151,88,,
반면,151,130,,
부가세,151,130,,
어텐션,151,130,,
짜증,151,142,,
킵,151,130,,
아톤,151,150,,
스무스,151,129,,
m.blog.naver.com,151,149,,
id,151,148,,
스키즘인듀싱,151,142,,
헤링본,151,131,,
드윕,151,138,,
노블,150,144,,
할아버지,150,122,,
시그니쳐,150,134,,
환절기,150,147,,
팝,150,115,,
휴무,150,133,,
아이콘,150,135,,
능력,150,133,,
겹,150,145,,
스카이,150,127,,
덩,150,145,,
찝찝,150,137,,
사은품,150,121,,
캡쳐,150,133,,
컨테이너,150,141,,
꼼데가르,150,143,,
더스트,150,128,,
공감,149,131,,
포커,149,122,,
모임,149,127,,
중앙,149,121,,
neat,149,75,,
앞뒤,149,136,,
기재,149,119,,
피해,149,117,,
washed,149,119,,
랜덤,149,128,,
벙벙,149,138,,
판교,149,116,,
데코,149,114,,
제라,149,114,,
지점,148,123,,
스코틀랜드,148,125,,
트위드,148,122,,
러프사이드,148,129,,
구르카,148,134,,
멤버,148,126,,
출근길,148,139,,
옹,148,137,,
카드슬래쉬,148,148,,
원가,148,117,,
kream,148,127,,
취업,148,132,,
해밀턴,148,124,,
레벨,148,115,,
세이코,148,129,,
hm,148,138,,
밀도,147,128,,
로브,147,127,,
나이트,147,127,,
좌측,147,135,,
요구,147,103,,
분리,147,131,,
로프트,147,125,,
신더,147,123,,
확률,147,130,,
그레고리,147,122,,
세제,147,99,,
입금,147,106,,
따,147,140,,
호다닥,147,144,,
르마,147,144,,
히트텍,147,131,,
베이커,147,117,,
바이엘,147,131,,
japan,146,91,,
짜임,146,116,,
헐렁,146,134,,
아워,146,133,,
소유,146,132,,
포드,146,117,,
스마일,146,115,,
사정,146,144,,
뼈,146,127,,
메모,146,119,,
아이스,146,128,,
단어,145,124,,
애착,145,135,,
날렵,145,131,,
놀이,145,119,,
슬리브리스,145,119,,
연애,145,115,,
노이어,145,136,,
파우치,145,126,,
levis,145,116,,
recto,145,71,,
너비,145,110,,
앞머리,145,116,,
럭키,145,130,,
센티,145,137,,
고등학교,145,121,,
비데,145,97,,
블레스,145,128,,
락포트,145,128,,
브랜슨,145,128,,
men,144,120,,
주목,144,120,,
슬링,144,111,,
노트,144,109,,
포지션,144,135,,
노출,144,108,,
추첨,144,118,,
카브엠트,144,127,,
주인,144,127,,
버거,144,117,,
복숭아뼈,144,131,,
강제,144,126,,
스페로네,144,127,,
벡,144,111,,
스컬프,144,128,,
강조,143,131,,
homme,143,108,,
복잡,143,112,,
그라프,143,115,,
설정,143,120,,
프레피,143,121,,
자료,143,91,,
테이프,143,118,,
도톰,143,136,,
패린이,143,142,,
스테파노,143,137,,
type,143,110,,
리지드,143,121,,
코모,143,107,,
모토,142,112,,
결과물,142,131,,
비헤비어,142,118,,
spa,142,122,,
스웨트,142,115,,
q,142,99,,
한번,142,141,,
최대한,142,140,,
수수료,142,125,,
더바이닐,142,114,,
릴렉스드,142,118,,
셀카,142,131,,
응대,142,119,,
클리닝,142,100,,
와릿이즌,142,132,,
pro,142,130,,
탈수,142,108,,
카카오 웹툰,142,142,,
키링,142,138,,
모노노,142,138,,
alden,142,74,,
porter,141,107,,
계산,141,116,,
파트,141,127,,
멜로,141,129,,
숲,141,103,,
토가,141,129,,
피플,141,110,,
아이스크림,141,122,,
도산,141,117,,
커트,141,108,,
쌤,141,128,,
지저분,141,137,,
전부,141,141,,
리오파,141,115,,
하오,141,127,,
강릉,141,119,,
데스,141,116,,
행궁동,141,79,,
한국인,140,135,,
매직,140,93,,
에임레온도르,140,121,,
주기,140,130,,
바우프,140,135,,
즐,140,132,,
배달,140,115,,
여분,140,123,,
멸치,140,133,,
궁,140,126,,
화면,140,100,,
든든,140,129,,
패밀리,140,122,,
머니,140,78,,
반츠,140,123,,
파주,140,127,,
컨템포러리,139,115,,
타르트옵티컬,139,113,,
auralee,139,82,,
본사,139,116,,
lab,139,113,,
베르,139,128,,
베레모,139,129,,
넷,139,129,,
ssf,139,131,,
생존,139,132,,
커,139,125,,
케이크,139,107,,
테이퍼드핏,139,130,,
통풍,139,124,,
의복,138,117,,
성인,138,127,,
사업,138,77,,
블록,138,114,,
주장,138,87,,
성능,138,103,,
전기,138,88,,
tokyo,138,61,,
한,138,134,,
끝물,138,131,,
전투화,138,129,,
껀,138,126,,
질샌더,138,125,,
정착,138,124,,
터프,138,130,,
섬유,137,107,,
베를린,137,94,,
자신감,137,117,,
at,137,113,,
하이킹,137,114,,
포토,137,129,,
부대,137,70,,
울트라,137,115,,
콘서트,137,100,,
엄두,137,136,,
전자,137,91,,
메신저백,137,123,,
서치,137,133,,
앞면,137,120,,
tuck,137,101,,
절반,137,128,,
블프때,137,129,,
지오,137,112,,
리폼,137,112,,
밈,137,99,,
슬로,137,119,,
코스트,136,110,,
파크,136,104,,
지구,136,101,,
rdvz,136,126,,
핑계,136,127,,
기름,136,113,,
글로벌,135,102,,
표면,135,114,,
hatchingroom,135,81,,
빌,135,117,,
지리,135,131,,
휴대폰,135,113,,
margiela,135,97,,
청청,135,122,,
뒷주머니,135,119,,
디스커버리,135,120,,
지름,135,110,,
카카오페이,135,122,,
브루먼,134,114,,
연속,134,127,,
화질,134,129,,
경제,134,82,,
검지,134,117,,
언저리,134,134,,
피크닉,134,116,,
솜,134,102,,
모카신,134,118,,
no.,134,111,,
스테판,134,97,,
베이식,133,103,,
야구,133,102,,
차례,133,114,,
드리스 반 노튼,133,107,,
디지털,133,101,,
통화,133,58,,
보상,133,91,,
거지,133,121,,
연남동,133,98,,
shorts,133,94,,
웹툰,133,101,,
가량,133,120,,
명절,133,118,,
옴니,133,104,,
옵스큐라,133,101,,
스테로이드,133,121,,
타오바오,133,72,,
래쉬,133,122,,
uniform,132,105,,
과감,132,126,,
이중,132,126,,
라모랭,132,117,,
최적,132,115,,
트레일,132,104,,
무한,132,128,,
발전,132,106,,
스우시,132,113,,
오리,132,116,,
다섯,132,123,,
선데이,132,126,,
입력,132,108,,
요금,132,45,,
보테가,132,121,,
청소,132,78,,
갭,132,124,,
스페지알,132,127,,
본점,132,108,,
토미카,132,117,,
카미아,132,102,,
yu,132,132,,
그녀,131,73,,
대응,131,81,,
한계,131,123,,
salomon,131,107,,
지용,131,101,,
펀칭,131,110,,
라이센스,131,93,,
페인트,131,105,,
외관,131,119,,
퓨처,131,114,,
푹신,131,125,,
띠,131,116,,
위험,131,105,,
지도,131,93,,
straight,131,86,,
떡볶이,131,110,,
상품권,131,97,,
모마,131,97,,
세륨,131,94,,
노크,131,122,,
모덴아르더,131,129,,
bell,130,99,,
숍,130,98,,
hoodie,130,107,,
신축,130,115,,
감상,130,114,,
벽,130,126,,
득,130,116,,
뒷부분,130,121,,
펑퍼짐,130,128,,
부자,130,74,,
유니버셜,130,107,,
브리프,130,115,,
이만,130,127,,
cs,130,101,,
웃,130,105,,
사라탕,130,115,,
돌이,130,130,,
택스프리,130,81,,
우선,129,125,,
스페셜,129,106,,
beams,129,90,,
의무,129,118,,
정성,129,121,,
챔피언,129,118,,
안티,129,118,,
스트링,129,120,,
드립,129,111,,
알림,129,120,,
테스트,129,93,,
코드그라피,129,120,,
프라그먼트,129,118,,
허전,129,127,,
스위치,129,116,,
아나,129,115,,
스쿼미시,129,104,,
피스트,129,120,,
안주머니,129,118,,
효율,128,97,,
충실,128,117,,
세부,128,114,,
아시아,128,88,,
정체,128,118,,
sweat,128,96,,
흔적,128,112,,
수록,128,123,,
증거,128,47,,
대님,128,117,,
자더에러,128,110,,
레가시,128,111,,
저장,128,116,,
플립,128,109,,
요리,128,75,,
전날,128,118,,
선플라,128,110,,
젠테,128,111,,
comoli,128,70,,
쾌적,127,116,,
스웨,127,113,,
carhartt,127,84,,
노을,127,108,,
korea,127,115,,
가구,127,86,,
뒤죽박죽,127,122,,
도중,127,123,,
주관,127,115,,
kith,127,84,,
유의,127,123,,
합성,127,71,,
비조,127,99,,
공방,127,106,,
노운,127,77,,
라이즈앤빌로우,126,110,,
만남,126,113,,
운동복,126,113,,
시오타,126,90,,
오마주,126,54,,
공용,126,112,,
베,126,115,,
심리,126,87,,
썸머,126,101,,
콜드,126,103,,
스카,126,93,,
피오,126,112,,
교수,126,76,,
루이스,126,84,,
신중,126,118,,
칙칙,126,119,,
미듐,126,94,,
폴더,126,113,,
jm,126,55,,
혼용,125,106,,
day,125,69,,
부부,125,108,,
가미,125,114,,
신뢰,125,90,,
퀸,125,92,,
테리,125,99,,
각도,125,114,,
스카이 블루,125,105,,
상승,125,107,,
휠라,125,115,,
우리나라,125,112,,
젤소노마,125,114,,
외국인,125,109,,
박물관,125,61,,
선라이즈,125,93,,
pinsktbs,125,115,,
마드라스,125,91,,
철학관,125,19,,
바이브,124,105,,
fashion,124,115,,
kiko,124,72,,
음,124,117,,
치마,124,106,,
츄바스코,124,117,,
틸던,124,108,,
라떼,124,111,,
의자,124,103,,
매트,124,100,,
조아,124,113,,
설문,124,50,,
tie,124,91,,
다수,123,100,,
배치,123,105,,
발표,123,97,,
outstanding,123,91,,
기원,123,122,,
숫자,123,104,,
옷차림,123,110,,
ralph,123,67,,
garments,123,55,,
가시,123,119,,
노스,123,94,,
문구,123,110,,
첫째,123,90,,
즈음,123,120,,
민감,123,118,,
현대백화점,123,106,,
겉옷,123,113,,
벤처,123,107,,
꼴,123,113,,
현금,123,97,,
애니,123,103,,
브렌슨,123,114,,
에디,122,101,,
아가,122,95,,
해변,122,90,,
용이,122,112,,
west,122,84,,
플란넬,122,103,,
라벤더,122,94,,
브러쉬,122,92,,
에프터프레이,122,114,,
의사,122,105,,
지옥,122,112,,
택시,122,100,,
촤르르,122,109,,
막차,122,117,,
노스웍스,122,106,,
옴브레,122,85,,
clothing,121,73,,
핏과,121,116,,
잡지,121,91,,
insilence,121,84,,
전후,121,116,,
키즈,121,104,,
계약,121,82,,
안경점,121,102,,
오모테산도,121,84,,
부피,121,114,,
sl,121,85,,
중후반,121,119,,
할머니,121,94,,
블레이키,121,120,,
연습,121,108,,
파우더 블루,121,112,,
캠퍼,121,100,,
마스,121,102,,
알렌느,121,116,,
niceness,121,72,,
캠페인,120,84,,
lauren,120,63,,
조정,120,91,,
roa,120,99,,
비브람,120,112,,
이질감,120,117,,
존스,120,86,,
스토퍼,120,82,,
물품,120,100,,
담배,120,102,,
손상,120,90,,
깃,120,106,,
드로우,120,114,,
군복,120,98,,
플레인,120,93,,
써네이,120,106,,
리버스위브,120,80,,
정작,120,115,,
백사,120,88,,
카디건,119,88,,
기계,119,87,,
인물,119,94,,
원사,119,83,,
범위,119,101,,
아이디어,119,108,,
해리스,119,67,,
인더스,119,111,,
브,119,100,,
인지도,119,109,,
디오,119,101,,
co,119,107,,
습관,119,109,,
눈썹,119,64,,
크로켓,119,91,,
피로,119,106,,
스타벅스,119,102,,
트래비스,119,111,,
서울숲,119,91,,
옴므플리세,119,87,,
구도,119,111,,
꼼파뇨,119,112,,
캘리포니아,118,63,,
산뜻,118,113,,
afterpray,118,87,,
메이커,118,103,,
클라시코,118,106,,
뱃지,118,93,,
편리,118,95,,
뽐뿌,118,118,,
본드,118,97,,
분기,118,49,,
클래식핏,118,108,,
오너,118,112,,
식단,118,95,,
넓이,118,106,,
광주,118,73,,
리버스,118,102,,
눈독,118,117,,
배터리,118,98,,
곰,118,76,,
바깥,118,114,,
커브,118,99,,
헬로,118,95,,
기법,117,98,,
제시,117,106,,
사운즈라이프,117,113,,
특수,117,69,,
조회,117,100,,
eu,117,86,,
권리,117,30,,
장화,117,88,,
red,117,96,,
수술,117,76,,
쥐,117,114,,
페더,117,99,,
chang,117,117,,
캔,116,95,,
테이블,116,94,,
의상,116,83,,
갓,116,110,,
저가,116,107,,
th,116,65,,
sleeve,116,97,,
갑옷,116,109,,
puma,116,56,,
국가,116,89,,
prada,116,107,,
할로윈,116,93,,
용돈,116,110,,
캐치,116,111,,
이불,116,107,,
머스트,116,88,,
발바닥,116,103,,
엔더슨벨,116,115,,
태풍,116,107,,
logo,116,92,,
슈된포,116,99,,
비슬로,116,113,,
이세이 미야케,116,86,,
jp,116,84,,
ai,116,77,,
스펙테이터,116,75,,
비롯,115,96,,
국민,115,95,,
air,115,103,,
휠,115,83,,
스타디움,115,95,,
자비,115,110,,
계좌,115,89,,
엄지,115,103,,
오케이몰,115,99,,
디저트,115,100,,
수업,115,105,,
지불,115,87,,
재판,115,21,,
모모타로,115,62,,
옴,115,100,,
산다,115,107,,
아틱,115,85,,
티쏘,115,108,,
대란,115,107,,
스티븐,115,53,,
동료,114,101,,
에이치,114,104,,
thisisneverthat,114,81,,
개념,114,105,,
선샤인,114,93,,
콘텐츠,114,85,,
그간,114,112,,
스페인,114,67,,
주먹,114,94,,
겐조,114,82,,
keen,114,96,,
인조,114,88,,
라돈,114,99,,
읏되게,114,111,,
마시모두띠,114,86,,
소로,114,91,,
직배,114,109,,
새끼,114,106,,
악셀,114,91,,
경찰청장,114,3,,
컬트,114,111,,
피델,114,110,,
센츄리,114,80,,
카라코람,114,76,,
lcbx,114,86,,
자극,113,98,,
대칭,113,102,,
초중반,113,112,,
워터,113,84,,
앰부쉬,113,102,,
presse,113,45,,
주력,113,106,,
브라,113,103,,
개강,113,105,,
이쪽,113,108,,
읏되,113,111,,
망고,113,98,,
디올,113,97,,
허락,113,103,,
등산화,113,101,,
오류,113,105,,
챠콜,113,99,,
확신,113,109,,
텍,113,94,,
흐름,112,94,,
드라이브,112,99,,
무기,112,86,,
스테이,112,77,,
수요,112,96,,
바지핏,112,108,,
티켓,112,67,,
low,112,96,,
프로스펙스,112,76,,
샨티,112,96,,
어깨선,112,102,,
서칭,112,109,,
삼각대,112,98,,
cargo,112,87,,
대용,112,109,,
dm,112,102,,
kkst,112,86,,
가먼츠,111,95,,
주얼리,111,85,,
khaki,111,87,,
club,111,91,,
신선,111,94,,
그룹,111,81,,
도버,111,91,,
영역,111,90,,
오드,111,99,,
스탠드,111,97,,
크록,111,106,,
핑거,111,90,,
장마철,111,93,,
구독,111,87,,
커먼,111,96,,
중독,111,103,,
마을,111,89,,
입찰,111,96,,
써지컬,111,83,,
현생,111,109,,
ar,111,80,,
샤워,111,79,,
앰버옵티컬,111,110,,
아캄,111,98,,
디펜더,111,105,,
출신,110,95,,
beslow,110,87,,
조용,110,100,,
크래프트,110,102,,
스모크라이즈,110,87,,
햄버거,110,88,,
카시나,110,104,,
곰돌이,110,93,,
슬래쉬,110,107,,
절,110,106,,
에바,110,104,,
병행,110,91,,
실시간,110,96,,
알람,110,101,,
조치,110,70,,
투턱,110,105,,
틴트,110,88,,
서면,110,73,,
스컬,110,97,,
pm,110,24,,
록키,110,81,,
데드스탁,110,95,,
wapworks,110,57,,
키워드,109,94,,
긍정,109,89,,
청량,109,94,,
전설,109,92,,
점프,109,84,,
장비,109,81,,
방치,109,101,,
제모,109,76,,
추리닝,109,100,,
고통,109,82,,
상대방,109,54,,
민망,109,102,,
세컨핸즈,109,93,,
산티아고,109,85,,
느와르,109,90,,
am,109,32,,
청자,109,77,,
속도,108,98,,
연구,108,85,,
실력,108,94,,
카파,108,74,,
동기,108,77,,
my,108,91,,
전형,108,101,,
축하,108,96,,
이곳저곳,108,106,,
교육,108,79,,
외모,108,83,,
베리,108,94,,
브릭,108,86,,
예시,108,94,,
어벙,108,107,,
수고,108,107,,
과자,108,93,,
음료,108,94,,
침,108,100,,
체력,108,96,,
레이온,108,90,,
버드,108,88,,
orslow,108,79,,
소요,108,78,,
esc,108,91,,
ddugi,108,108,,
clarks,108,83,,
하이웨이,108,55,,
크로,108,91,,
오베르쥬,108,70,,
격식,107,92,,
거대,107,77,,
슬리브,107,83,,
차단,107,80,,
샌,107,77,,
인원,107,83,,
스테이크,107,95,,
사면,107,106,,
보장,107,97,,
슈스,107,88,,
버클리,107,95,,
감수,107,104,,
우디,107,60,,
주위,107,102,,
토스,107,87,,
블로퍼,107,101,,
베트멍,107,90,,
통일,107,100,,
카카오,107,97,,
장모,107,48,,
매끈,107,92,,
관광,107,61,,
타비,107,88,,
플랩,107,81,,
cashmere,107,58,,
j._,107,107,,
워싱진,107,96,,
강정,107,91,,
army,107,80,,
여름철,106,98,,
버킷햇,106,102,,
you,106,69,,
초대,106,92,,
폰트,106,87,,
패브릭,106,96,,
연상,106,93,,
이어폰,106,89,,
금속,106,88,,
전환,106,95,,
진주,106,76,,
최선,106,93,,
씬,106,80,,
볼륨감,106,79,,
플레이스,106,95,,
차지,106,97,,
글씨,106,94,,
킨,106,99,,
일본인,106,87,,
핀터레스트,106,98,,
멜란지,106,96,,
새내기,106,104,,
객관,106,99,,
감당,106,93,,
nba,106,97,,
찜,106,94,,
논스탁,106,82,,
자운드,106,101,,
서류,106,59,,
brooks,106,92,,
kr,106,88,,
프릭스스토어,106,98,,
세비지,106,83,,
자크마리마지,106,90,,
비디알,105,93,,
고유,105,86,,
우수,105,95,,
나비,105,84,,
독보,105,103,,
des,105,78,,
결심,105,102,,
어려움,105,91,,
검사,105,88,,
유투브,105,96,,
빠,105,104,,
sb,105,86,,
시에라,105,82,,
회사원,105,100,,
ck,105,95,,
운명,105,85,,
수거,105,75,,
에두아르,105,98,,
만능,105,103,,
포릭,105,94,,
it,104,82,,
유통,104,81,,
론칭,104,95,,
bridge,104,74,,
fall,104,88,,
감도,104,91,,
강렬,104,99,,
mz,104,82,,
패키지,104,82,,
안경테,104,86,,
끝판왕,104,99,,
타이어,104,87,,
끗,104,101,,
친,104,93,,
요기,104,97,,
특,104,90,,
마케팅,104,86,,
여의도,104,95,,
뉴스,104,93,,
액,104,92,,
해외판,104,79,,
아비,104,88,,
천안,104,32,,
물가,104,98,,
가까이,104,102,,
charcoal,104,77,,
알란,104,45,,
short,104,81,,
아렌,104,88,,
barbour,104,67,,
어드저스트,104,85,,
진정,103,93,,
유려,103,92,,
기운,103,93,,
nd,103,80,,
글자,103,93,,
작업복,103,88,,
스니커,103,68,,
슬릭앤이지,103,102,,
화사,103,98,,
설계,103,65,,
렉토,103,91,,
회복,103,74,,
어스,103,86,,
인지,103,99,,
주차,103,81,,
능,103,79,,
아이쇼핑,103,100,,
레플리카,103,81,,
흰둥이,103,99,,
퀄팅,103,85,,
교섭,103,4,,
공짜,103,94,,
마티,103,60,,
슬로건,102,89,,
중점,102,94,,
고집,102,92,,
트렁크,102,84,,
홍콩,102,64,,
gel,102,87,,
구별,102,94,,
언어,102,85,,
engineered,102,36,,
메리노,102,85,,
피터,102,92,,
디즈니,102,76,,
러쉬,102,90,,
두서,102,100,,
범,102,88,,
옥스,102,97,,
메달리스트,102,100,,
포스팅,102,91,,
캠,102,79,,
소금,102,82,,
독감,102,90,,
애너하임,102,84,,
데꼬로소,102,89,,
단풍,102,83,,
브런치,102,83,,
사운드,101,90,,
열정,101,88,,
palace,101,69,,
버터,101,90,,
윈터,101,87,,
커버낫,101,100,,
의식,101,86,,
부티크,101,69,,
머신,101,68,,
프레드,101,79,,
주요,101,72,,
오디너리,101,88,,
로에베,101,83,,
계기,101,95,,
지방시,101,85,,
시골,101,98,,
취저,101,96,,
번째,101,87,,
브레드,101,89,,
젤벤쳐,101,94,,
히,101,85,,
항,101,62,,
삼성,101,75,,
옵션,101,87,,
휴,101,99,,
깔깔이,101,86,,
pocket,101,77,,
통증,101,76,,
분할,101,24,,
동봉,101,97,,
fleece,101,61,,
brothers,101,88,,
카프,101,73,,
떼,101,93,,
push,101,45,,
웨어러블,100,94,,
태도,100,73,,
채도,100,87,,
패디,100,74,,
야마,100,75,,
스로,100,99,,
스쿨,100,90,,
내셔널,100,88,,
아쿠아,100,77,,
킥,100,88,,
레더리,100,96,,
뱃살,100,93,,
엊그제,100,100,,
우먼스,100,93,,
짜,100,96,,
논란,100,84,,
냉,100,83,,
지오지아,100,86,,
카세트,100,82,,
밍크,100,81,,
구석,100,96,,
렘토쉬,100,92,,
st.,100,15,,
진리,100,98,,
료,100,84,,
아크네,100,96,,
후리,100,95,,
큐컴버스,100,93,,
레이크,100,90,,
면세점,100,79,,
버젼,100,73,,
준느,100,73,,
hyuuuni,100,100,,
company,99,87,,
city,99,43,,
방풍,99,91,,
텍스처,99,94,,
평화,99,85,,
낚시,99,80,,
향기,99,83,,
lf,99,84,,
캐리,99,90,,
댓,99,97,,
청년,99,66,,
할리데이비슨,99,82,,
황,99,90,,
스파이,99,75,,
수치,99,89,,
돠,99,97,,
마크 곤잘레스,99,97,,
생신,99,94,,
피시,99,76,,
팔꿈치,99,95,,
엄,99,90,,
낼,99,97,,
릴렉스,99,88,,
정발,99,64,,
파악,99,90,,
컨트롤,99,98,,
환자,99,42,,
언아웃핏,99,98,,
청주,99,64,,
갱,99,68,,
에드워드,99,85,,
오메가,99,83,,
아카펠라,99,61,,
도넛,99,86,,
의3,99,98,,
시각,98,88,,
재봉,98,75,,
스스로,98,87,,
어떠,98,96,,
서핑,98,71,,
데드,98,79,,
딸기,98,76,,
골든 구스,98,88,,
곡,98,71,,
페스티벌,98,68,,
복학,98,89,,
자제,98,96,,
출격,98,96,,
동대문,98,87,,
동영상,98,59,,
쌉,98,94,,
전투복,98,86,,
간식,98,89,,
몽블랑,98,82,,
여자친구,98,95,,
신사동,98,67,,
썬구리,98,98,,
히코리,98,76,,
스톰,98,77,,
lmood,97,73,,
연희동,97,81,,
saint,97,60,,
classic,97,77,,
라이크,97,79,,
속옷,97,86,,
단체,97,81,,
고증,97,80,,
여사,97,78,,
초코,97,88,,
더티,97,86,,
전략,97,65,,
제이크,97,74,,
명소,97,53,,
ps.,97,97,,
된포,97,92,,
현명,97,96,,
스컬프터,97,90,,
호수,97,72,,
참,97,94,,
치즈,97,83,,
은색,97,78,,
요망,97,95,,
chome,97,26,,
다채,96,90,,
고요웨어,96,83,,
대세,96,92,,
존중,96,66,,
부정,96,70,,
yeseyesee,96,77,,
bdu,96,79,,
ader,96,62,,
comme,96,71,,
엑셀,96,88,,
할리우드,96,28,,
아파트,96,56,,
다니엘,96,85,,
피서,96,85,,
탈출,96,84,,
대박,96,92,,
소주,96,74,,
허벅돼,96,94,,
지원금,96,96,,
집시,96,82,,
우유,96,74,,
대회,96,74,,
자크,96,87,,
상품명,96,87,,
뚜껑,96,80,,
클로버,96,84,,
get,96,76,,
대면,96,41,,
유니언,96,73,,
double,96,75,,
월요,96,93,,
jean,96,81,,
포토존,96,85,,
오브젝트,96,85,,
후러브스아트,96,91,,
나이스네스,96,71,,
팬더,96,88,,
maatee,96,60,,
간격,95,86,,
스웨덴,95,57,,
내추럴,95,70,,
에너지,95,78,,
농구,95,77,,
재즈,95,69,,
풋볼,95,72,,
리치,95,81,,
인형,95,79,,
흠,95,94,,
위쪽,95,88,,
연기,95,70,,
정핏으,95,93,,
한별,95,89,,
히말라야,95,83,,
발사,95,74,,
도수,95,74,,
여담,95,93,,
종로,95,86,,
olive,95,77,,
겨울철,95,88,,
탈색,95,67,,
미스터,95,89,,
뿌듯,95,94,,
별도,95,85,,
입맛,95,93,,
아스,95,68,,
cardigan,95,80,,
벨크로,95,68,,
슈가케,95,86,,
온수,95,73,,
로커,95,66,,
오랫만,95,89,,
maps.app.goo.gl,95,20,,
sons,95,60,,
일상복,94,87,,
무심,94,92,,
중성,94,79,,
증가,94,61,,
전공,94,85,,
실험,94,77,,
행동,94,75,,
에스터,94,75,,
off,94,78,,
hgbb,94,67,,
참석,94,90,,
효,94,88,,
xoam,94,87,,
다리미,94,78,,
줌,94,83,,
번외,94,90,,
blouson,94,61,,
마일리지,94,82,,
샤쓰,94,78,,
nylon,94,69,,
미팅,94,86,,
동물,94,76,,
보라,94,84,,
화란,94,81,,
용인,94,36,,
청구,94,32,,
젤벤쳐6,94,92,,
루나,94,78,,
프로모션,94,77,,
산타,94,47,,
엘리,94,87,,
product,94,74,,
로파이,94,82,,
크리설리스,94,61,,
더레스큐,94,70,,
소소,93,90,,
개러지,93,77,,
needles,93,50,,
south,93,64,,
레이저,93,77,,
와코,93,62,,
남녀,93,82,,
배기,93,76,,
세컨드,93,83,,
플로,93,73,,
tv,93,62,,
혼란,93,86,,
과일,93,71,,
인트,93,72,,
피아,93,75,,
스탈,93,91,,
납득,93,85,,
부각,93,84,,
오빠,93,73,,
예쓰아이씨,93,74,,
로시,93,92,,
탈모,93,60,,
레알,93,74,,
우동,93,72,,
전쟁,93,80,,
오트리,93,89,,
이케아,93,84,,
year,93,75,,
에듀케이션,93,89,,
성태,93,93,,
햇살,92,83,,
키드,92,88,,
명확,92,75,,
장면,92,85,,
시내,92,72,,
입체,92,80,,
타미,92,79,,
아이비리그,92,78,,
미우 미우,92,75,,
해골,92,75,,
빗,92,81,,
양털,92,73,,
문신,92,69,,
대답,92,84,,
이놈,92,91,,
핏더사이즈,92,89,,
손해,92,78,,
뱅,92,85,,
마디,92,89,,
상처,92,73,,
둥,92,83,,
우체국,92,75,,
이직,92,75,,
택배비,92,81,,
파스타,92,76,,
ralphlauren,92,57,,
탑승,92,88,,
자취,92,78,,
육군,92,65,,
max,92,77,,
방사선사,92,92,,
dws,92,83,,
금강,92,82,,
월스와,92,80,,
즐거움,91,88,,
차별,91,84,,
니즈,91,78,,
솔직,91,86,,
구현,91,82,,
변,91,84,,
관광객,91,51,,
키츠네,91,83,,
two,91,61,,
일반인,91,82,,
apple,91,87,,
졸,91,87,,
슈프림포스,91,88,,
찬스,91,83,,
이동휘,91,77,,
옆모습,91,73,,
영접,91,82,,
광안리,91,71,,
엘칸토,91,87,,
셔켓,91,72,,
한편,91,81,,
처가,91,22,,
학기,91,79,,
골목,91,69,,
램스울,91,77,,
호시스,91,91,,
채무,91,19,,
히스토리,90,80,,
최신,90,64,,
north,90,60,,
미묘,90,85,,
액션,90,75,,
매수,90,85,,
쪽지,90,64,,
점검,90,44,,
팬티,90,77,,
반성,90,82,,
똑똑,90,76,,
영수증,90,79,,
직관,90,80,,
옆구리,90,85,,
봉투,90,79,,
낭비,90,84,,
선착,90,88,,
출,90,83,,
패쪼,90,72,,
귀국,90,87,,
소진,90,76,,
hd,90,68,,
real,90,57,,
chino,90,54,,
흐앤므,90,74,,
dsb,90,42,,
재료,89,79,,
조직,89,69,,
아브라함,89,78,,
확대,89,76,,
ut,89,69,,
진지,89,89,,
right,89,79,,
바느질,89,73,,
요고,89,84,,
맥북,89,66,,
보조,89,74,,
강원도,89,80,,
혜자,89,86,,
세금,89,78,,
이지부스트,89,80,,
짬,89,83,,
deep,89,77,,
참가,89,61,,
마루,89,79,,
베니어,89,68,,
교통,89,40,,
별점,89,72,,
플레이버리즘,89,87,,
카타리나,89,70,,
아뜨리,89,84,,
꼬르녹,89,72,,
뚝배기,89,89,,
km,89,62,,
life,88,63,,
자사,88,63,,
big,88,56,,
말랑,88,85,,
파자마,88,78,,
촘촘,88,79,,
준야 와타나베,88,70,,
garcons,88,65,,
즉시,88,82,,
무트,88,86,,
용량,88,58,,
수리,88,64,,
수학여행,88,86,,
바깥쪽,88,85,,
스크래치,88,74,,
승리,88,80,,
모음집,88,79,,
읍,88,66,,
만만,88,84,,
범죄,88,26,,
워크샵,88,69,,
도서관,88,72,,
외피,88,74,,
관람,88,67,,
기철,88,81,,
아레테,88,82,,
sokonyun,88,88,,
여수,88,58,,
폴스,88,71,,
from,87,66,,
카라비너,87,75,,
페이즐리,87,76,,
셀렉트,87,68,,
퇴근길,87,82,,
캡슐,87,62,,
long,87,75,,
릴리,87,81,,
장착,87,84,,
포플린,87,74,,
타탄,87,71,,
쌍,87,79,,
업데이트,87,80,,
출산,87,38,,
드랍,87,72,,
안심,87,68,,
프레쉬,87,70,,
화장품,87,62,,
국물,87,76,,
배꼽,87,75,,
해피,87,84,,
백만,87,82,,
계,87,86,,
오토바이,87,72,,
손등,87,80,,
목숨,87,31,,
그날,87,81,,
멍,87,80,,
쇼브오프,87,87,,
피렌체아뜨리에,87,84,,
근접,87,71,,
오디너리핏츠,87,72,,
영국군,87,55,,
다다이즘,86,80,,
충족,86,81,,
핵심,86,72,,
수분,86,66,,
out,86,77,,
우울,86,84,,
dr,86,64,,
8볼,86,78,,
사양,86,73,,
미카,86,80,,
blog.naver.com,86,86,,
가위,86,79,,
두,86,86,,
픽업,86,76,,
공대,86,78,,
남방,86,82,,
adv,86,69,,
김치,86,72,,
최강,86,81,,
틈,86,82,,
스그,86,81,,
점원,86,64,,
로션,86,67,,
트임,86,75,,
분석,86,61,,
빽,86,85,,
ring,86,71,,
페프,86,69,,
성현,86,86,,
슈퍼스무스,86,58,,
홀랜드,86,42,,
포크,85,67,,
espionage,85,56,,
정원,85,55,,
winter,85,71,,
우승,85,65,,
자동차,85,68,,
amomento,85,65,,
부클,85,66,,
leon,85,63,,
스루,85,72,,
모터사이클,85,67,,
재현,85,63,,
잭,85,69,,
사이클,85,67,,
style,85,65,,
마라톤,85,68,,
삼각,85,72,,
자연광,85,79,,
쉐기독,85,69,,
바닷가,85,68,,
덕후,85,70,,
다운로드,85,50,,
오른발,85,69,,
충동구매,85,83,,
조카,85,72,,
침대,85,74,,
지게,85,82,,
레스토랑,85,39,,
닥스,85,67,,
타워,85,68,,
발렌티노,85,82,,
계단,85,79,,
sony,85,79,,
최악,85,79,,
일기,85,79,,
주차장,85,71,,
코메카지,85,49,,
업계,84,63,,
하이츠,84,62,,
필터,84,58,,
보더,84,69,,
가이드,84,70,,
수단,84,57,,
노이즈,84,75,,
초년,84,77,,
바이오,84,39,,
haruta,84,30,,
만화,84,61,,
라임,84,73,,
etc,84,68,,
어마어마,84,83,,
구름,84,78,,
피그먼트,84,77,,
삭,84,78,,
셈,84,79,,
에센스,84,77,,
스팀,84,74,,
북촌,84,69,,
wh,84,80,,
행거,84,67,,
치료,84,65,,
원본,84,53,,
타스,84,61,,
여주,84,81,,
스페지,84,69,,
본문,84,60,,
짱구대디,84,78,,
캉골,84,83,,
cwu,84,70,,
프레리,84,74,,
이우가마카라스,84,75,,
파프롬왓,84,55,,
텐진,84,65,,
변제,84,17,,
love,83,64,,
가수,83,76,,
제도,83,40,,
아치,83,68,,
함정,83,83,,
루키,83,80,,
dore,83,61,,
테디,83,67,,
브레인,83,67,,
칼하트,83,74,,
리미티드,83,69,,
더스티,83,71,,
spao,83,65,,
따위,83,81,,
막막,83,82,,
이펙터,83,72,,
사유,83,61,,
멀쩡,83,80,,
견,83,66,,
수영,83,74,,
잡,83,79,,
투척,83,83,,
테라스,83,73,,
투어리스트,83,62,,
발마칸,83,79,,
새터,83,77,,
일명,83,77,,
베이글,83,66,,
몽크,83,70,,
하바티,83,64,,
올 세인츠,83,58,,
로우로우,83,80,,
코닥,83,79,,
ict,83,27,,
마티앤선즈,83,61,,
월와뭅,83,67,,
gucci,83,58,,
태형,83,83,,
paul,82,71,,
경계,82,76,,
절제,82,77,,
식물,82,58,,
워싱감,82,74,,
우연,82,79,,
지지,82,50,,
프로그램,82,58,,
착각,82,80,,
seoul,82,61,,
허프,82,76,,
차원,82,79,,
사각,82,70,,
녀,82,73,,
놀,82,77,,
난이도,82,69,,
사촌,82,80,,
글레이셔,82,69,,
cj,82,55,,
답장,82,61,,
메이플,82,75,,
머스타드,82,78,,
누리,82,80,,
카고바지,82,77,,
방어,82,63,,
취,82,75,,
md,82,58,,
블라인드,82,75,,
콩,82,66,,
트랜스,82,66,,
지적,82,77,,
라츠,82,78,,
칼국수,82,56,,
유넥,82,60,,
후보군,82,79,,
논노드,82,76,,
우메다,82,51,,
어나더유스,82,71,,
기빈스,82,55,,
요크,82,62,,
rrl.,82,15,,
클레이,82,70,,
데이터,81,64,,
spring,81,69,,
트래킹,81,70,,
과장,81,73,,
창업,81,16,,
리그,81,60,,
커팅,81,60,,
