SEASON,TOKEN_TYPE,token,count,share
Fall,BRAND,acg,211,0.23470000667393387
Fall,BRAND,cp컴퍼니,133,0.14793886676603413
Fall,BRAND,etce,1352,1.503859758403595
Fall,BRAND,jw앤더슨,132,0.1468265444595226
Fall,BRAND,lee,159,0.17685924673533404
Fall,BRAND,lmc,117,0.13014170986184959
Fall,BRAND,mlb,126,0.1401526106204534
Fall,BRAND,mmgl,198,0.22023981668928388
Fall,BRAND,mmrb,512,0.5695090209339058
Fall,BRAND,mngu,127,0.1412649329269649
Fall,BRAND,new,110,0.12235545371626882
Fall,BRAND,oam,358,0.39821138573112946
Fall,BRAND,rrl,1038,1.1545905541589732
Fall,BRAND,ymclky,114,0.12680474294231497
Fall,BRAND,구찌,197,0.21912749438277235
Fall,BRAND,굿라이프웍스,80,0.08898578452092278
Fall,BRAND,그라더스,229,0.2547218081911415
Fall,BRAND,그라미치,164,0.1824208582678917
Fall,BRAND,그레일즈,322,0.3581677826967142
Fall,BRAND,그리쉬,188,0.20911659362416857
Fall,BRAND,꼼데가르송,291,0.32368579119485663
Fall,BRAND,나나미카,240,0.26695735356276834
Fall,BRAND,나이키,3903,4.34139396231452
Fall,BRAND,네이더스,141,0.1568374452181264
Fall,BRAND,노메뉴얼,129,0.14348957753998798
Fall,BRAND,노스페이스,859,0.9554848612934084
Fall,BRAND,뉴발란스,2666,2.9654512691597517
Fall,BRAND,뉴에라,207,0.23025071744788772
Fall,BRAND,뉴치프시크,96,0.10678294142510733
Fall,BRAND,다이브인,73,0.08119952837534204
Fall,BRAND,닥터마틴,575,0.6395853262441324
Fall,BRAND,더뮤지엄비지터,496,0.5517118640297213
Fall,BRAND,더콜디스트모먼트,140,0.1557251229116149
Fall,BRAND,던스트,147,0.16351137905719562
Fall,BRAND,데우스엑스마키나,116,0.12902938755533802
Fall,BRAND,도프제이슨,934,1.0389090342817735
Fall,BRAND,드레익스,188,0.20911659362416857
Fall,BRAND,드로우핏,704,0.7830749037841206
Fall,BRAND,디스이즈네버댓,277,0.30811327890369516
Fall,BRAND,디앤써,344,0.38263887343996794
Fall,BRAND,디젤,166,0.18464550288091477
Fall,BRAND,디키즈,253,0.2814175435474183
Fall,BRAND,라코스테,89,0.0989966852795266
Fall,BRAND,라퍼지스토어,469,0.5216791617539098
Fall,BRAND,라프시몬스,116,0.12902938755533802
Fall,BRAND,랄프로렌,451,0.5016573602367022
Fall,BRAND,레드윙,484,0.5383639963515828
Fall,BRAND,로맨틱무브,969,1.0778403150096771
Fall,BRAND,루이비통,77,0.08564881760138818
Fall,BRAND,르메르,585,0.6507085493092478
Fall,BRAND,리넥츠,230,0.255834130497653
Fall,BRAND,리바이스,1196,1.3303374785877957
Fall,BRAND,리복,230,0.255834130497653
Fall,BRAND,리얼 맥코이,82,0.09121042913394585
Fall,BRAND,릭오웬스,272,0.3025516673711375
Fall,BRAND,마틴로즈,1047,1.164601454917577
Fall,BRAND,마틴플랜,245,0.272518965095326
Fall,BRAND,메종마르지엘라,548,0.609552623968321
Fall,BRAND,메종미네드,613,0.6818535738915708
Fall,BRAND,메종키츠네,107,0.11901848679673423
Fall,BRAND,모드나인,1283,1.427109519254299
Fall,BRAND,모스콧,129,0.14348957753998798
Fall,BRAND,모이프,251,0.2791928989343952
Fall,BRAND,몽벨,104,0.11568151987719962
Fall,BRAND,무신사,177,0.19688104825254163
Fall,BRAND,무인양품,100,0.11123223065115347
Fall,BRAND,무탠다드,2071,2.3036194967853887
Fall,BRAND,문선,133,0.14793886676603413
Fall,BRAND,미나브,244,0.2714066427888145
Fall,BRAND,미하라야스히로,583,0.6484839046962247
Fall,BRAND,밈더워드로브,337,0.37485261729438724
Fall,BRAND,바라쿠타,140,0.1557251229116149
Fall,BRAND,바버,355,0.39487441881159485
Fall,BRAND,반스,1528,1.6996284843496252
Fall,BRAND,발렌시아가,1063,1.1823986118217615
Fall,BRAND,버버리,107,0.11901848679673423
Fall,BRAND,버윅,85,0.09454739605348045
Fall,BRAND,버즈릭슨,278,0.30922560121020665
Fall,BRAND,버켄스탁,157,0.17463460212231097
Fall,BRAND,베이프,112,0.12458009832929189
Fall,BRAND,보테가베네타,134,0.14905118907254566
Fall,BRAND,브라운야드,432,0.480523236412983
Fall,BRAND,브랜디드,825,0.9176659028720162
Fall,BRAND,브론슨,261,0.29031612199951057
Fall,BRAND,브룩스브라더스,432,0.480523236412983
Fall,BRAND,블랭크룸,371,0.41267157571577945
Fall,BRAND,비긴202,194,0.21579052746323774
Fall,BRAND,비바스튜디오,281,0.3125625681297413
Fall,BRAND,비얼디드키드,144,0.160174412137661
Fall,BRAND,비이커,107,0.11901848679673423
Fall,BRAND,빔즈,193,0.2146782051567262
Fall,BRAND,사카이,75,0.08342417298836512
Fall,BRAND,생로랑,226,0.2513848412716069
Fall,BRAND,샤카웨어,180,0.20021801517207627
Fall,BRAND,세인트제임스,232,0.25805877511067604
Fall,BRAND,세터,784,0.8720606883050432
Fall,BRAND,소니,163,0.18130853596138016
Fall,BRAND,솔리드옴므,176,0.19576872594603015
Fall,BRAND,수아레,389,0.432693377232987
Fall,BRAND,슈펜,196,0.2180151720762608
Fall,BRAND,슈프림,929,1.0333474227492156
Fall,BRAND,스캇,197,0.21912749438277235
Fall,BRAND,스톤아일랜드,465,0.5172298725278637
Fall,BRAND,스투시,1173,1.3047540655380303
Fall,BRAND,스튜디오니콜슨,180,0.20021801517207627
Fall,BRAND,아노블리어,129,0.14348957753998798
Fall,BRAND,아더에러,813,0.9043180351938778
Fall,BRAND,아디다스,2177,2.421525661275611
Fall,BRAND,아르켓,145,0.16128673444417255
Fall,BRAND,아미,167,0.1857578251874263
Fall,BRAND,아스토플렉스,97,0.10789526373161887
Fall,BRAND,아식스,1898,2.111187737758893
Fall,BRAND,아워레가시,681,0.7574914907343552
Fall,BRAND,아워셀브스,86,0.09565971835999199
Fall,BRAND,아워스코프,122,0.13570332139440724
Fall,BRAND,아이언레인저,144,0.160174412137661
Fall,BRAND,아크테릭스,821,0.91321661364597
Fall,BRAND,아트이프액츠,346,0.38486351805299107
Fall,BRAND,아페쎄,189,0.21022891593068005
Fall,BRAND,아프레쎄,95,0.10567061911859581
Fall,BRAND,안데르센,208,0.23136303975439923
Fall,BRAND,알렌느,253,0.2814175435474183
Fall,BRAND,애쉬크로프트,210,0.2335876843674223
Fall,BRAND,애프터프레이,990,1.1011990834464196
Fall,BRAND,애플,525,0.5839692109185558
Fall,BRAND,앤더슨벨,1222,1.3592578585570956
Fall,BRAND,어나더오피스,269,0.29921470045160287
Fall,BRAND,어널러코드,195,0.2169028497697493
Fall,BRAND,언더마이카,133,0.14793886676603413
Fall,BRAND,언타이틀,138,0.1535004782985918
Fall,BRAND,에센셜,217,0.24137394051300304
Fall,BRAND,에스티유오피스,337,0.37485261729438724
Fall,BRAND,에스피오나지,732,0.8142199283664435
Fall,BRAND,엑슬림,103,0.11456919757068809
Fall,BRAND,예일,196,0.2180151720762608
Fall,BRAND,오가프,88,0.09788436297301507
Fall,BRAND,오어슬로우,1511,1.6807190051389291
Fall,BRAND,오클리,124,0.13792796600743032
Fall,BRAND,와일드브릭스,156,0.17352227981579943
Fall,BRAND,요시다포터,73,0.08119952837534204
Fall,BRAND,우영미,163,0.18130853596138016
Fall,BRAND,우포스,65,0.07230094992324976
Fall,BRAND,웨이비니스,110,0.12235545371626882
Fall,BRAND,위더로드,190,0.21134123823719161
Fall,BRAND,위캔더스,98,0.1090075860381304
Fall,BRAND,유니온,750,0.8342417298836511
Fall,BRAND,유니클로,3243,3.6072612400169075
Fall,BRAND,유니폼브릿지,911,1.013325621232008
Fall,BRAND,유스,475,0.528353095592979
Fall,BRAND,이얼즈어고,193,0.2146782051567262
Fall,BRAND,이지,312,0.34704455963159886
Fall,BRAND,인세인개러지,399,0.4438166002981024
Fall,BRAND,일꼬르소,262,0.2914284443060221
Fall,BRAND,자라,535,0.5950924339836711
Fall,BRAND,자바나스,1217,1.353696247024538
Fall,BRAND,젠틀몬스터,822,0.9143289359524815
Fall,BRAND,조던,1035,1.1512535872394385
Fall,BRAND,조셉앤스테이시,628,0.6985384084892439
Fall,BRAND,주앙옴므,930,1.0344597450557274
Fall,BRAND,지샥,123,0.13681564370091878
Fall,BRAND,지오다노,134,0.14905118907254566
Fall,BRAND,챔피온,155,0.1724099575092879
Fall,BRAND,카시오,257,0.2858668327734645
Fall,BRAND,칼하트wip,146,0.16239905675068408
Fall,BRAND,캐피탈,426,0.47384930257391383
Fall,BRAND,캡틴선샤인,195,0.2169028497697493
Fall,BRAND,컨버스,1490,1.6573602367021867
Fall,BRAND,코스,960,1.0678294142510734
Fall,BRAND,쿠어,1838,2.0444483993682008
Fall,BRAND,크롬하츠,253,0.2814175435474183
Fall,BRAND,클락스,512,0.5695090209339058
Fall,BRAND,키뮤어,334,0.3715156503748526
Fall,BRAND,키스,60,0.06673933839069209
Fall,BRAND,키코,166,0.18464550288091477
Fall,BRAND,킨치,422,0.46940001334786774
Fall,BRAND,테켓,161,0.1790838913483571
Fall,BRAND,토니웩,851,0.9465862828413161
Fall,BRAND,토피,260,0.28920379969299903
Fall,BRAND,톰브라운,150,0.16684834597673023
Fall,BRAND,팀버랜드,464,0.5161175502213521
Fall,BRAND,파라부트,105,0.11679384218371115
Fall,BRAND,파르티멘토,316,0.35149384885764495
Fall,BRAND,파타고니아,261,0.29031612199951057
Fall,BRAND,팔라스,138,0.1535004782985918
Fall,BRAND,페몬트,267,0.2969900558385798
Fall,BRAND,페이탈리즘,322,0.3581677826967142
Fall,BRAND,포터,1003,1.1156592734310693
Fall,BRAND,포터리,206,0.22913839514137618
Fall,BRAND,포트너스,182,0.20244265978509932
Fall,BRAND,폴로,1874,2.0844920024026163
Fall,BRAND,푸마,184,0.20466730439812242
Fall,BRAND,프라다,199,0.22135213899579542
Fall,BRAND,프라이탁,266,0.29587773353206825
Fall,BRAND,프로젝트지알,161,0.1790838913483571
Fall,BRAND,프리즘웍스,464,0.5161175502213521
Fall,BRAND,플랙,687,0.7641654245734244
Fall,BRAND,해칭룸,706,0.7852995483971436
Fall,BRAND,헤리티지플로스,207,0.23025071744788772
Fall,BRAND,헤지스,124,0.13792796600743032
Fall,BRAND,호카,96,0.10678294142510733
Fall,BRAND,휴먼메이드,251,0.2791928989343952
Spring,BRAND,acg,194,0.14338401046555457
Spring,BRAND,cp컴퍼니,160,0.11825485399220997
Spring,BRAND,etce,1418,1.0480336435059607
Spring,BRAND,jw앤더슨,318,0.2350315223095173
Spring,BRAND,lee,271,0.20029415894930563
Spring,BRAND,lmc,234,0.17294772396360705
Spring,BRAND,mlb,306,0.22616240826010156
Spring,BRAND,mmgl,347,0.25646521459560534
Spring,BRAND,mmrb,680,0.5025831294668923
Spring,BRAND,mngu,202,0.14929675316516508
Spring,BRAND,new,188,0.13894945344084672
Spring,BRAND,oam,548,0.4050228749233191
Spring,BRAND,rrl,2175,1.6075269214566041
Spring,BRAND,ymclky,103,0.07612656225748515
Spring,BRAND,구찌,357,0.26385614297011845
Spring,BRAND,굿라이프웍스,108,0.07982202644474173
Spring,BRAND,그라더스,281,0.20768508732381874
Spring,BRAND,그라미치,244,0.18033865233812021
Spring,BRAND,그레일즈,204,0.15077493884006768
Spring,BRAND,그리쉬,160,0.11825485399220997
Spring,BRAND,꼼데가르송,501,0.3702855115631074
Spring,BRAND,나나미카,446,0.3296354055032853
Spring,BRAND,나이키,6301,4.6570239687807184
Spring,BRAND,네이더스,289,0.21359783002342925
Spring,BRAND,노메뉴얼,127,0.09386479035631666
Spring,BRAND,노스페이스,802,0.5927524556359525
Spring,BRAND,뉴발란스,4474,3.306701354757171
Spring,BRAND,뉴에라,293,0.2165542013732345
Spring,BRAND,뉴치프시크,169,0.12490668952927177
Spring,BRAND,다이브인,162,0.11973303966711257
Spring,BRAND,닥터마틴,1087,0.8033939143095765
Spring,BRAND,더뮤지엄비지터,467,0.34515635508976283
Spring,BRAND,더콜디스트모먼트,196,0.1448621961404572
Spring,BRAND,던스트,175,0.12934124655397963
Spring,BRAND,데우스엑스마키나,251,0.1855123022002794
Spring,BRAND,도프제이슨,1278,0.944560646262777
Spring,BRAND,드레익스,389,0.2875071137685605
Spring,BRAND,드로우핏,672,0.4966703867672818
Spring,BRAND,디스이즈네버댓,392,0.2897243922809144
Spring,BRAND,디앤써,344,0.2542479360832514
Spring,BRAND,디젤,250,0.18477320936282807
Spring,BRAND,디키즈,480,0.35476456197662987
Spring,BRAND,라코스테,209,0.15447040302732426
Spring,BRAND,라퍼지스토어,709,0.5240168217529804
Spring,BRAND,라프시몬스,153,0.11308120413005078
Spring,BRAND,랄프로렌,798,0.5897960842861472
Spring,BRAND,레드윙,676,0.49962675811708707
Spring,BRAND,로맨틱무브,1325,0.9792980096229886
Spring,BRAND,루이비통,185,0.13673217492849277
Spring,BRAND,르메르,725,0.5358423071522014
Spring,BRAND,리넥츠,209,0.15447040302732426
Spring,BRAND,리바이스,2714,2.0058979608428613
Spring,BRAND,리복,376,0.27789890688169344
Spring,BRAND,리얼 맥코이,156,0.11529848264240472
Spring,BRAND,릭오웬스,360,0.2660734214824724
Spring,BRAND,마틴로즈,1849,1.3665826564474766
Spring,BRAND,마틴플랜,443,0.3274181269909313
Spring,BRAND,메종마르지엘라,1149,0.8492176702315578
Spring,BRAND,메종미네드,856,0.6326634688583234
Spring,BRAND,메종키츠네,225,0.16629588842654525
Spring,BRAND,모드나인,1999,1.4774465820651732
Spring,BRAND,모스콧,258,0.19068595206243857
Spring,BRAND,모이프,430,0.3178099201040643
Spring,BRAND,몽벨,119,0.08795204765670615
Spring,BRAND,무신사,131,0.0968211617061219
Spring,BRAND,무인양품,198,0.14634038181535983
Spring,BRAND,무탠다드,2829,2.090893637149762
Spring,BRAND,문선,190,0.14042763911574932
Spring,BRAND,미나브,419,0.30967989889209985
Spring,BRAND,미하라야스히로,677,0.5003658509545384
Spring,BRAND,밈더워드로브,439,0.32446175564112606
Spring,BRAND,바라쿠타,282,0.20842418016127004
Spring,BRAND,바버,568,0.4198047316723454
Spring,BRAND,반스,3003,2.2194957908662905
Spring,BRAND,발렌시아가,1514,1.1189865559012868
Spring,BRAND,버버리,168,0.12416759669182045
Spring,BRAND,버윅,179,0.13229761790378491
Spring,BRAND,버즈릭슨,489,0.3614163975136917
Spring,BRAND,버켄스탁,367,0.2712470713446316
Spring,BRAND,베이프,161,0.11899394682966127
Spring,BRAND,보테가베네타,300,0.22172785123539368
Spring,BRAND,브라운야드,438,0.3237226628036748
Spring,BRAND,브랜디드,1256,0.9283006038388482
Spring,BRAND,브론슨,627,0.46341120908197275
Spring,BRAND,브룩스브라더스,651,0.48114943718080433
Spring,BRAND,블랭크룸,360,0.2660734214824724
Spring,BRAND,비긴202,255,0.18846867355008462
Spring,BRAND,비바스튜디오,422,0.3118971774044538
Spring,BRAND,비얼디드키드,176,0.13008033939143096
Spring,BRAND,비이커,103,0.07612656225748515
Spring,BRAND,빔즈,289,0.21359783002342925
Spring,BRAND,사카이,187,0.1382103606033954
Spring,BRAND,생로랑,247,0.18255593085047414
Spring,BRAND,샤카웨어,483,0.3569818404889838
Spring,BRAND,세인트제임스,361,0.2668125143199237
Spring,BRAND,세터,1246,0.9209096754643351
Spring,BRAND,소니,222,0.16407860991419132
Spring,BRAND,솔리드옴므,219,0.1618613314018374
Spring,BRAND,수아레,408,0.30154987768013536
Spring,BRAND,슈펜,303,0.2239451297477476
Spring,BRAND,슈프림,1499,1.1079001633395171
Spring,BRAND,스캇,327,0.2416833578465791
Spring,BRAND,스톤아일랜드,829,0.6127079622471379
Spring,BRAND,스투시,2153,1.5912668790326754
Spring,BRAND,스튜디오니콜슨,193,0.14264491762810327
Spring,BRAND,아노블리어,157,0.11603757547985602
Spring,BRAND,아더에러,1401,1.0354690652692886
Spring,BRAND,아디다스,3309,2.445658199126392
Spring,BRAND,아르켓,178,0.1315585250663336
Spring,BRAND,아미,275,0.2032505302991109
Spring,BRAND,아스토플렉스,155,0.1145593898049534
Spring,BRAND,아식스,3114,2.3015350958233864
Spring,BRAND,아워레가시,990,0.7317019090767991
Spring,BRAND,아워셀브스,155,0.1145593898049534
Spring,BRAND,아워스코프,184,0.13599308209104147
Spring,BRAND,아이언레인저,270,0.1995550661118543
Spring,BRAND,아크테릭스,927,0.6851390603173665
Spring,BRAND,아트이프액츠,224,0.16555679558909395
Spring,BRAND,아페쎄,334,0.2468570077087383
Spring,BRAND,아프레쎄,246,0.1818168380130228
Spring,BRAND,안데르센,126,0.09312569751886535
Spring,BRAND,알렌느,451,0.3333308696905418
Spring,BRAND,애쉬크로프트,264,0.19512050908714643
Spring,BRAND,애프터프레이,1012,0.747961951500728
Spring,BRAND,애플,890,0.6577926253316679
Spring,BRAND,앤더슨벨,1661,1.2276332030066295
Spring,BRAND,어나더오피스,177,0.13081943222888226
Spring,BRAND,어널러코드,247,0.18255593085047414
Spring,BRAND,언더마이카,169,0.12490668952927177
Spring,BRAND,언타이틀,117,0.08647386198180353
Spring,BRAND,에센셜,219,0.1618613314018374
Spring,BRAND,에스티유오피스,521,0.38506736831213373
Spring,BRAND,에스피오나지,1065,0.7871338718856477
Spring,BRAND,엑슬림,109,0.08056111928219303
Spring,BRAND,예일,227,0.16777407410144787
Spring,BRAND,오가프,187,0.1382103606033954
Spring,BRAND,오어슬로우,2203,1.628221520905241
Spring,BRAND,오클리,210,0.1552094958647756
Spring,BRAND,와일드브릭스,219,0.1618613314018374
Spring,BRAND,요시다포터,187,0.1382103606033954
Spring,BRAND,우영미,286,0.2113805515110753
Spring,BRAND,우포스,287,0.2121196443485266
Spring,BRAND,웨이비니스,197,0.1456012889779085
Spring,BRAND,위더로드,255,0.18846867355008462
Spring,BRAND,위캔더스,132,0.09756025454357321
Spring,BRAND,유니온,1339,0.9896453093473071
Spring,BRAND,유니클로,4529,3.347351460816993
Spring,BRAND,유니폼브릿지,1373,1.0147744658206517
Spring,BRAND,유스,551,0.40724015343567305
Spring,BRAND,이얼즈어고,305,0.22542331542265023
Spring,BRAND,이지,501,0.3702855115631074
Spring,BRAND,인세인개러지,448,0.3311135911781879
Spring,BRAND,일꼬르소,177,0.13081943222888226
Spring,BRAND,자라,877,0.6481844184448009
Spring,BRAND,자바나스,1533,1.1330293198128618
Spring,BRAND,젠틀몬스터,1408,1.0406427151314477
Spring,BRAND,조던,2323,1.7169126613993984
Spring,BRAND,조셉앤스테이시,845,0.6245334476463589
Spring,BRAND,주앙옴므,1288,0.9519515746372902
Spring,BRAND,지샥,151,0.11160301845514815
Spring,BRAND,지오다노,284,0.2099023658361727
Spring,BRAND,챔피온,260,0.19216413773734117
Spring,BRAND,카시오,414,0.30598443470484327
Spring,BRAND,칼하트wip,240,0.17738228098831493
Spring,BRAND,캐피탈,584,0.4316302170715664
Spring,BRAND,캡틴선샤인,255,0.18846867355008462
Spring,BRAND,컨버스,2744,2.0280707459664007
Spring,BRAND,코스,1449,1.0709455214669514
Spring,BRAND,쿠어,1295,0.9571252244994494
Spring,BRAND,크롬하츠,389,0.2875071137685605
Spring,BRAND,클락스,663,0.49001855123022003
Spring,BRAND,키뮤어,273,0.20177234462420823
Spring,BRAND,키스,172,0.1271239680416257
Spring,BRAND,키코,198,0.14634038181535983
Spring,BRAND,킨치,440,0.3252008484785774
Spring,BRAND,테켓,170,0.12564578236672308
Spring,BRAND,토니웩,804,0.594230641310855
Spring,BRAND,토피,558,0.4124138032978323
Spring,BRAND,톰브라운,160,0.11825485399220997
Spring,BRAND,팀버랜드,726,0.5365813999896527
Spring,BRAND,파라부트,295,0.2180323870481371
Spring,BRAND,파르티멘토,370,0.27346434985698553
Spring,BRAND,파타고니아,271,0.20029415894930563
Spring,BRAND,팔라스,219,0.1618613314018374
Spring,BRAND,페몬트,243,0.1795995595006689
Spring,BRAND,페이탈리즘,481,0.3555036548140812
Spring,BRAND,포터,1888,1.3954072771080774
Spring,BRAND,포터리,345,0.25498702892070274
Spring,BRAND,포트너스,239,0.17664318815086363
Spring,BRAND,폴로,3945,2.915721243745427
Spring,BRAND,푸마,365,0.26976888566972895
Spring,BRAND,프라다,450,0.3325917768530905
Spring,BRAND,프라이탁,381,0.28159437106894997
Spring,BRAND,프로젝트지알,168,0.12416759669182045
Spring,BRAND,프리즘웍스,457,0.33776542671524973
Spring,BRAND,플랙,1039,0.7679174581119134
Spring,BRAND,해칭룸,802,0.5927524556359525
Spring,BRAND,헤리티지플로스,367,0.2712470713446316
Spring,BRAND,헤지스,149,0.11012483278024553
Spring,BRAND,호카,178,0.1315585250663336
Spring,BRAND,휴먼메이드,452,0.33406996252799315
Summer,BRAND,acg,174,0.19487282867990458
Summer,BRAND,cp컴퍼니,80,0.08959670284133543
Summer,BRAND,etce,986,1.1042793625194594
Summer,BRAND,jw앤더슨,168,0.18815307596680442
Summer,BRAND,lee,121,0.13551501304751984
Summer,BRAND,lmc,126,0.1411148069751033
Summer,BRAND,mlb,163,0.18255328203922097
Summer,BRAND,mmgl,337,0.3774261107191256
Summer,BRAND,mmrb,409,0.4580631432763274
Summer,BRAND,mngu,90,0.10079629069650238
Summer,BRAND,new,129,0.14447468333165342
Summer,BRAND,oam,369,0.4132647918556597
Summer,BRAND,rrl,2029,2.2723963758133703
Summer,BRAND,ymclky,141,0.1579141887578537
Summer,BRAND,구찌,271,0.3035088308750238
Summer,BRAND,굿라이프웍스,90,0.10079629069650238
Summer,BRAND,그라더스,148,0.16575390025647055
Summer,BRAND,그라미치,192,0.21503208681920508
Summer,BRAND,그레일즈,104,0.11647571369373608
Summer,BRAND,그리쉬,76,0.08511686769926867
Summer,BRAND,꼼데가르송,425,0.47598248384459446
Summer,BRAND,나나미카,273,0.30574874844605715
Summer,BRAND,나이키,4360,4.883020304852781
Summer,BRAND,네이더스,169,0.18927303475232113
Summer,BRAND,노메뉴얼,120,0.13439505426200316
Summer,BRAND,노스페이스,388,0.43454400878047683
Summer,BRAND,뉴발란스,2742,3.070926989886772
Summer,BRAND,뉴에라,290,0.324788047799841
Summer,BRAND,뉴치프시크,84,0.09407653798340221
Summer,BRAND,다이브인,128,0.1433547245461367
Summer,BRAND,닥터마틴,645,0.7223734166582669
Summer,BRAND,더뮤지엄비지터,519,0.5812586096831637
Summer,BRAND,더콜디스트모먼트,176,0.19711274625093797
Summer,BRAND,던스트,65,0.07279732105858504
Summer,BRAND,데우스엑스마키나,181,0.20271254017852144
Summer,BRAND,도프제이슨,775,0.867968058775437
Summer,BRAND,드레익스,190,0.21279216924817165
Summer,BRAND,드로우핏,291,0.3259080065853577
Summer,BRAND,디스이즈네버댓,278,0.3113485423736407
Summer,BRAND,디앤써,293,0.32814792415639105
Summer,BRAND,디젤,214,0.23967118010057228
Summer,BRAND,디키즈,321,0.35950677015085847
Summer,BRAND,라코스테,167,0.18703311718128773
Summer,BRAND,라퍼지스토어,414,0.46366293720391094
Summer,BRAND,라프시몬스,150,0.16799381782750394
Summer,BRAND,랄프로렌,487,0.5454199285466295
Summer,BRAND,레드윙,377,0.4222244621397932
Summer,BRAND,로맨틱무브,783,0.8769277290595706
Summer,BRAND,루이비통,139,0.15567427118682034
Summer,BRAND,르메르,415,0.46478289598942757
Summer,BRAND,리넥츠,213,0.2385512213150556
Summer,BRAND,리바이스,1780,1.9935266382197134
Summer,BRAND,리복,229,0.2564705618833227
Summer,BRAND,리얼 맥코이,126,0.1411148069751033
Summer,BRAND,릭오웬스,311,0.3483071822956915
Summer,BRAND,마틴로즈,1141,1.2778729742745467
Summer,BRAND,마틴플랜,304,0.3404674707970747
Summer,BRAND,메종마르지엘라,598,0.6697353537389824
Summer,BRAND,메종미네드,525,0.5879783623962638
Summer,BRAND,메종키츠네,197,0.22063188074678852
Summer,BRAND,모드나인,1215,1.3607499244027819
Summer,BRAND,모스콧,177,0.19823270503645465
Summer,BRAND,모이프,180,0.20159258139300476
Summer,BRAND,몽벨,103,0.11535575490821937
Summer,BRAND,무신사,69,0.07727715620065181
Summer,BRAND,무인양품,129,0.14447468333165342
Summer,BRAND,무탠다드,1397,1.5645824233668202
Summer,BRAND,문선,106,0.11871563126476946
Summer,BRAND,미나브,344,0.38526582221774236
Summer,BRAND,미하라야스히로,776,0.8690880175609537
Summer,BRAND,밈더워드로브,365,0.40878495671359294
Summer,BRAND,바라쿠타,56,0.06271769198893482
Summer,BRAND,바버,124,0.13887488940406992
Summer,BRAND,반스,2060,2.3071150981643878
Summer,BRAND,발렌시아가,1017,1.1389980848704768
Summer,BRAND,버버리,50,0.05599793927583465
Summer,BRAND,버윅,99,0.1108759197661526
Summer,BRAND,버즈릭슨,192,0.21503208681920508
Summer,BRAND,버켄스탁,441,0.49390182441286157
Summer,BRAND,베이프,205,0.22959155103092205
Summer,BRAND,보테가베네타,217,0.24303105645712236
Summer,BRAND,브라운야드,220,0.24639093281367247
Summer,BRAND,브랜디드,631,0.7066939936610334
Summer,BRAND,브론슨,380,0.4255843384963433
Summer,BRAND,브룩스브라더스,435,0.48718207169976147
Summer,BRAND,블랭크룸,223,0.24975080917022255
Summer,BRAND,비긴202,130,0.14559464211717008
Summer,BRAND,비바스튜디오,236,0.2643102733819396
Summer,BRAND,비얼디드키드,79,0.08847674405581875
Summer,BRAND,비이커,94,0.10527612583856914
Summer,BRAND,빔즈,183,0.20495245774955478
Summer,BRAND,사카이,149,0.16687385904198726
Summer,BRAND,생로랑,141,0.1579141887578537
Summer,BRAND,샤카웨어,173,0.1937528698943879
Summer,BRAND,세인트제임스,194,0.21727200439023842
Summer,BRAND,세터,780,0.8735678527030206
Summer,BRAND,소니,153,0.17135369418405402
Summer,BRAND,솔리드옴므,75,0.08399690891375197
Summer,BRAND,수아레,251,0.28110965516468994
Summer,BRAND,슈펜,178,0.19935266382197134
Summer,BRAND,슈프림,1016,1.13787812608496
Summer,BRAND,스캇,320,0.35838681136534173
Summer,BRAND,스톤아일랜드,531,0.594698115109364
Summer,BRAND,스투시,1803,2.0192856902865977
Summer,BRAND,스튜디오니콜슨,131,0.1467146009026868
Summer,BRAND,아노블리어,126,0.1411148069751033
Summer,BRAND,아더에러,873,0.9777240197560729
Summer,BRAND,아디다스,2309,2.5859848357580444
Summer,BRAND,아르켓,121,0.13551501304751984
Summer,BRAND,아미,200,0.2239917571033386
Summer,BRAND,아스토플렉스,62,0.06943744470203496
Summer,BRAND,아식스,1896,2.1234418573396496
Summer,BRAND,아워레가시,764,0.8556485121347536
Summer,BRAND,아워셀브스,77,0.08623682648478535
Summer,BRAND,아워스코프,146,0.16351398268543718
Summer,BRAND,아이언레인저,106,0.11871563126476946
Summer,BRAND,아크테릭스,578,0.6473361780286485
Summer,BRAND,아트이프액츠,78,0.08735678527030205
Summer,BRAND,아페쎄,242,0.2710300260950397
Summer,BRAND,아프레쎄,113,0.12655534276338629
Summer,BRAND,안데르센,19,0.021279216924817167
Summer,BRAND,알렌느,420,0.47038268991701104
Summer,BRAND,애쉬크로프트,166,0.18591315839577102
Summer,BRAND,애프터프레이,475,0.5319804231204291
Summer,BRAND,애플,963,1.0785203104525753
Summer,BRAND,앤더슨벨,1015,1.1367581672994433
Summer,BRAND,어나더오피스,140,0.15679422997233702
Summer,BRAND,어널러코드,136,0.15231439483027023
Summer,BRAND,언더마이카,80,0.08959670284133543
Summer,BRAND,언타이틀,150,0.16799381782750394
Summer,BRAND,에센셜,117,0.13103517790545308
Summer,BRAND,에스티유오피스,308,0.3449473059391414
Summer,BRAND,에스피오나지,447,0.5006215771259618
Summer,BRAND,엑슬림,87,0.09743641433995229
Summer,BRAND,예일,172,0.19263291110887118
Summer,BRAND,오가프,158,0.1769534881116375
Summer,BRAND,오어슬로우,1343,1.5041046489489187
Summer,BRAND,오클리,282,0.3158283775157074
Summer,BRAND,와일드브릭스,324,0.3628666465074085
Summer,BRAND,요시다포터,101,0.11311583733718598
Summer,BRAND,우영미,225,0.2519907267412559
Summer,BRAND,우포스,732,0.8198098309982191
Summer,BRAND,웨이비니스,83,0.09295657919788551
Summer,BRAND,위더로드,214,0.23967118010057228
Summer,BRAND,위캔더스,137,0.15343435361578694
Summer,BRAND,유니온,713,0.7985306140734021
Summer,BRAND,유니클로,3103,3.4752321114582987
Summer,BRAND,유니폼브릿지,993,1.1121190740180762
Summer,BRAND,유스,324,0.3628666465074085
Summer,BRAND,이얼즈어고,147,0.16463394147095387
Summer,BRAND,이지,455,0.5095812474100953
Summer,BRAND,인세인개러지,328,0.3673464816494753
Summer,BRAND,일꼬르소,88,0.09855637312546899
Summer,BRAND,자라,710,0.7951707377168521
Summer,BRAND,자바나스,579,0.6484561368141653
Summer,BRAND,젠틀몬스터,1167,1.3069919026979806
Summer,BRAND,조던,1458,1.6328999092833383
Summer,BRAND,조셉앤스테이시,452,0.5062213710535451
Summer,BRAND,주앙옴므,803,0.8993269047699044
Summer,BRAND,지샥,192,0.21503208681920508
Summer,BRAND,지오다노,176,0.19711274625093797
Summer,BRAND,챔피온,141,0.1579141887578537
Summer,BRAND,카시오,670,0.7503723862961843
Summer,BRAND,칼하트wip,156,0.1747135705406041
Summer,BRAND,캐피탈,606,0.678695024023116
Summer,BRAND,캡틴선샤인,97,0.10863600219511921
Summer,BRAND,컨버스,1656,1.8546517488156438
Summer,BRAND,코스,846,0.9474851325471222
Summer,BRAND,쿠어,478,0.5353402994769793
Summer,BRAND,크롬하츠,339,0.37966602829015894
Summer,BRAND,클락스,346,0.3875057397887758
Summer,BRAND,키뮤어,183,0.20495245774955478
Summer,BRAND,키스,98,0.10975596098063592
Summer,BRAND,키코,178,0.19935266382197134
Summer,BRAND,킨치,413,0.4625429784183942
Summer,BRAND,테켓,170,0.1903929935378378
Summer,BRAND,토니웩,258,0.28894936666330684
Summer,BRAND,토피,332,0.37182631679154204
Summer,BRAND,톰브라운,166,0.18591315839577102
Summer,BRAND,팀버랜드,461,0.5163010001231955
Summer,BRAND,파라부트,233,0.26095039702538947
Summer,BRAND,파르티멘토,237,0.2654302321674562
Summer,BRAND,파타고니아,160,0.17919340568267086
Summer,BRAND,팔라스,127,0.14223476576062
Summer,BRAND,페몬트,146,0.16351398268543718
Summer,BRAND,페이탈리즘,345,0.3863857810032591
Summer,BRAND,포터,1226,1.3730694710434654
Summer,BRAND,포터리,185,0.2071923753205882
Summer,BRAND,포트너스,120,0.13439505426200316
Summer,BRAND,폴로,2589,2.8995732957027185
Summer,BRAND,푸마,295,0.3303878417274244
Summer,BRAND,프라다,308,0.3449473059391414
Summer,BRAND,프라이탁,332,0.37182631679154204
Summer,BRAND,프로젝트지알,165,0.18479319961025434
Summer,BRAND,프리즘웍스,187,0.20943229289162157
Summer,BRAND,플랙,401,0.44910347299219383
Summer,BRAND,해칭룸,779,0.8724478939175039
Summer,BRAND,헤리티지플로스,242,0.2710300260950397
Summer,BRAND,헤지스,55,0.06159773320341812
Summer,BRAND,호카,187,0.20943229289162157
Summer,BRAND,휴먼메이드,389,0.43566396756599357
Winter,BRAND,acg,242,0.3325409148997568
Winter,BRAND,cp컴퍼니,111,0.15252909733005374
Winter,BRAND,etce,940,1.2916878512635181
Winter,BRAND,jw앤더슨,87,0.11954983304247455
Winter,BRAND,lee,110,0.15115496131807127
Winter,BRAND,lmc,64,0.08794470476687782
Winter,BRAND,mlb,132,0.18138595358168552
Winter,BRAND,mmgl,138,0.1896307696535803
Winter,BRAND,mmrb,335,0.4603355640141261
Winter,BRAND,mngu,179,0.24597034614486143
Winter,BRAND,new,121,0.1662704574498784
Winter,BRAND,oam,255,0.35040468305552885
Winter,BRAND,rrl,883,1.2133620985805176
Winter,BRAND,ymclky,107,0.14703255328212386
Winter,BRAND,구찌,104,0.14291014524617646
Winter,BRAND,굿라이프웍스,54,0.07420334464705317
Winter,BRAND,그라더스,168,0.2308548500130543
Winter,BRAND,그라미치,101,0.13878773721022905
Winter,BRAND,그레일즈,297,0.4081183955587924
Winter,BRAND,그리쉬,74,0.10168606488670248
Winter,BRAND,꼼데가르송,218,0.2995616506121776
Winter,BRAND,나나미카,304,0.4177373476426697
Winter,BRAND,나이키,3037,4.1732510683907496
Winter,BRAND,네이더스,67,0.09206711280282523
Winter,BRAND,노메뉴얼,111,0.15252909733005374
Winter,BRAND,노스페이스,1024,1.4071152762700452
Winter,BRAND,뉴발란스,2300,3.1605128275596717
Winter,BRAND,뉴에라,135,0.1855083616176329
Winter,BRAND,뉴치프시크,102,0.14016187322221152
Winter,BRAND,다이브인,92,0.12642051310238686
Winter,BRAND,닥터마틴,576,0.7915023429019005
Winter,BRAND,더뮤지엄비지터,319,0.4383493878224067
Winter,BRAND,더콜디스트모먼트,127,0.17451527352177318
Winter,BRAND,던스트,135,0.1855083616176329
Winter,BRAND,데우스엑스마키나,112,0.1539032333420362
Winter,BRAND,도프제이슨,470,0.6458439256317591
Winter,BRAND,드레익스,290,0.3984994434749151
Winter,BRAND,드로우핏,541,0.7434075824825142
Winter,BRAND,디스이즈네버댓,267,0.3668943151993184
Winter,BRAND,디앤써,226,0.3105547387080373
Winter,BRAND,디젤,284,0.39025462740302036
Winter,BRAND,디키즈,251,0.344908139007599
Winter,BRAND,라코스테,60,0.08244816071894796
Winter,BRAND,라퍼지스토어,331,0.45483901996619625
Winter,BRAND,라프시몬스,105,0.14428428125815895
Winter,BRAND,랄프로렌,385,0.5290423646132495
Winter,BRAND,레드윙,401,0.5510285408049689
Winter,BRAND,로맨틱무브,772,1.0608330012504636
Winter,BRAND,루이비통,67,0.09206711280282523
Winter,BRAND,르메르,491,0.6747007818833908
Winter,BRAND,리넥츠,330,0.45346488395421375
Winter,BRAND,리바이스,944,1.297184395311448
Winter,BRAND,리복,244,0.3352891869237217
Winter,BRAND,리얼 맥코이,74,0.10168606488670248
Winter,BRAND,릭오웬스,208,0.2858202904923529
Winter,BRAND,마틴로즈,961,1.3205447075151497
Winter,BRAND,마틴플랜,164,0.22535830596512443
Winter,BRAND,메종마르지엘라,443,0.6087422533082324
Winter,BRAND,메종미네드,458,0.6293542934879695
Winter,BRAND,메종키츠네,72,0.09893779286273756
Winter,BRAND,모드나인,1085,1.4909375730009757
Winter,BRAND,모스콧,94,0.12916878512635183
Winter,BRAND,모이프,191,0.262459978288651
Winter,BRAND,몽벨,81,0.11130501697057976
Winter,BRAND,무신사,89,0.12229810506643947
Winter,BRAND,무인양품,94,0.12916878512635183
Winter,BRAND,무탠다드,1447,1.9883748093386284
Winter,BRAND,문선,99,0.13603946518626414
Winter,BRAND,미나브,110,0.15115496131807127
Winter,BRAND,미하라야스히로,503,0.6911904140271804
Winter,BRAND,밈더워드로브,241,0.3311667788877743
Winter,BRAND,바라쿠타,92,0.12642051310238686
Winter,BRAND,바버,445,0.6114905253321974
Winter,BRAND,반스,1115,1.5321616533604496
Winter,BRAND,발렌시아가,980,1.3466532917428167
Winter,BRAND,버버리,132,0.18138595358168552
Winter,BRAND,버윅,98,0.13466532917428167
Winter,BRAND,버즈릭슨,320,0.4397235238343892
Winter,BRAND,버켄스탁,44,0.0604619845272285
Winter,BRAND,베이프,111,0.15252909733005374
Winter,BRAND,보테가베네타,113,0.15527736935401865
Winter,BRAND,브라운야드,316,0.43422697978645924
Winter,BRAND,브랜디드,624,0.8574608714770587
Winter,BRAND,브론슨,274,0.3765132672831957
Winter,BRAND,브룩스브라더스,389,0.5345389086611794
Winter,BRAND,블랭크룸,260,0.35727536311544117
Winter,BRAND,비긴202,153,0.2102428098333173
Winter,BRAND,비바스튜디오,230,0.31605128275596717
Winter,BRAND,비얼디드키드,90,0.12367224107842194
Winter,BRAND,비이커,112,0.1539032333420362
Winter,BRAND,빔즈,224,0.3078064666840724
Winter,BRAND,사카이,47,0.06458439256317591
Winter,BRAND,생로랑,162,0.22261003394115952
Winter,BRAND,샤카웨어,93,0.12779464911436936
Winter,BRAND,세인트제임스,235,0.32292196281587954
Winter,BRAND,세터,394,0.5414095887210917
Winter,BRAND,소니,99,0.13603946518626414
Winter,BRAND,솔리드옴므,99,0.13603946518626414
Winter,BRAND,수아레,369,0.5070561884215299
Winter,BRAND,슈펜,127,0.17451527352177318
Winter,BRAND,슈프림,881,1.2106138265565525
Winter,BRAND,스캇,135,0.1855083616176329
Winter,BRAND,스톤아일랜드,457,0.627980157475987
Winter,BRAND,스투시,991,1.3617687878746239
Winter,BRAND,스튜디오니콜슨,108,0.14840668929410633
Winter,BRAND,아노블리어,75,0.10306020089868495
Winter,BRAND,아더에러,1129,1.5513995575282042
Winter,BRAND,아디다스,2044,2.8087340084921606
Winter,BRAND,아르켓,75,0.10306020089868495
Winter,BRAND,아미,119,0.16352218542591346
Winter,BRAND,아스토플렉스,164,0.22535830596512443
Winter,BRAND,아식스,1536,2.1106729144050678
Winter,BRAND,아워레가시,483,0.663707693787531
Winter,BRAND,아워셀브스,84,0.11542742500652715
Winter,BRAND,아워스코프,77,0.10580847292264987
Winter,BRAND,아이언레인저,156,0.21436521786926468
Winter,BRAND,아크테릭스,759,1.0429692330946916
Winter,BRAND,아트이프액츠,251,0.344908139007599
Winter,BRAND,아페쎄,94,0.12916878512635183
Winter,BRAND,아프레쎄,43,0.05908784851524604
Winter,BRAND,안데르센,317,0.43560111579844174
Winter,BRAND,알렌느,233,0.3201736907919146
Winter,BRAND,애쉬크로프트,169,0.23222898602503675
Winter,BRAND,애프터프레이,941,1.2930619872755005
Winter,BRAND,애플,188,0.25833757025270365
Winter,BRAND,앤더슨벨,905,1.2435930908441317
Winter,BRAND,어나더오피스,186,0.2555892982287387
Winter,BRAND,어널러코드,155,0.21299108185728224
Winter,BRAND,언더마이카,190,0.26108584227666853
Winter,BRAND,언타이틀,73,0.10031192887472003
Winter,BRAND,에센셜,70,0.09618952083877262
Winter,BRAND,에스티유오피스,327,0.44934247591826637
Winter,BRAND,에스피오나지,473,0.6499663336677064
Winter,BRAND,엑슬림,101,0.13878773721022905
Winter,BRAND,예일,71,0.09756365685075509
Winter,BRAND,오가프,53,0.0728292086350707
Winter,BRAND,오어슬로우,1038,1.4263531804377998
Winter,BRAND,오클리,91,0.1250463770904044
Winter,BRAND,와일드브릭스,194,0.2665823863245984
Winter,BRAND,요시다포터,130,0.17863768155772058
Winter,BRAND,우영미,158,0.21711348989322962
Winter,BRAND,우포스,22,0.03023099226361425
Winter,BRAND,웨이비니스,66,0.09069297679084276
Winter,BRAND,위더로드,124,0.17039286548582577
Winter,BRAND,위캔더스,104,0.14291014524617646
Winter,BRAND,유니온,617,0.8478419193931817
Winter,BRAND,유니클로,2854,3.9217841781979583
Winter,BRAND,유니폼브릿지,683,0.9385348961840243
Winter,BRAND,유스,330,0.45346488395421375
Winter,BRAND,이얼즈어고,148,0.20337212977340496
Winter,BRAND,이지,143,0.19650144971349262
Winter,BRAND,인세인개러지,213,0.29269097055226523
Winter,BRAND,일꼬르소,197,0.27070479436054584
Winter,BRAND,자라,593,0.8148626551056023
Winter,BRAND,자바나스,683,0.9385348961840243
Winter,BRAND,젠틀몬스터,565,0.7763868467700933
Winter,BRAND,조던,905,1.2435930908441317
Winter,BRAND,조셉앤스테이시,414,0.5688923089607409
Winter,BRAND,주앙옴므,572,0.7860057988539705
Winter,BRAND,지샥,114,0.15665150536600111
Winter,BRAND,지오다노,144,0.19787558572547512
Winter,BRAND,챔피온,193,0.2652082503126159
Winter,BRAND,카시오,86,0.11817569703049208
Winter,BRAND,칼하트wip,173,0.23772553007296665
Winter,BRAND,캐피탈,386,0.5304165006252318
Winter,BRAND,캡틴선샤인,250,0.3435340029956165
Winter,BRAND,컨버스,1153,1.5843788218157833
Winter,BRAND,코스,636,0.8739505036208484
Winter,BRAND,쿠어,1096,1.5060530691327827
Winter,BRAND,크롬하츠,171,0.23497725804900166
Winter,BRAND,클락스,562,0.772264438734146
Winter,BRAND,키뮤어,258,0.35452709109147623
Winter,BRAND,키스,82,0.11267915298256222
Winter,BRAND,키코,108,0.14840668929410633
Winter,BRAND,킨치,388,0.5331647726491968
Winter,BRAND,테켓,130,0.17863768155772058
Winter,BRAND,토니웩,734,1.00861583279513
Winter,BRAND,토피,230,0.31605128275596717
Winter,BRAND,톰브라운,135,0.1855083616176329
Winter,BRAND,팀버랜드,467,0.6417215175958116
Winter,BRAND,파라부트,110,0.15115496131807127
Winter,BRAND,파르티멘토,189,0.2597117062646861
Winter,BRAND,파타고니아,251,0.344908139007599
Winter,BRAND,팔라스,116,0.15939977738996605
Winter,BRAND,페몬트,164,0.22535830596512443
Winter,BRAND,페이탈리즘,227,0.3119288747200198
Winter,BRAND,포터,947,1.3013068033473953
Winter,BRAND,포터리,141,0.1937531776895277
Winter,BRAND,포트너스,208,0.2858202904923529
Winter,BRAND,폴로,1666,2.2893105959627884
Winter,BRAND,푸마,253,0.3476564110315639
Winter,BRAND,프라다,218,0.2995616506121776
Winter,BRAND,프라이탁,147,0.2019979937614225
Winter,BRAND,프로젝트지알,112,0.1539032333420362
Winter,BRAND,프리즘웍스,324,0.44522006788231905
Winter,BRAND,플랙,327,0.44934247591826637
Winter,BRAND,해칭룸,512,0.7035576381350226
Winter,BRAND,헤리티지플로스,224,0.3078064666840724
Winter,BRAND,헤지스,103,0.141536009234194
Winter,BRAND,호카,79,0.10855674494661481
Winter,BRAND,휴먼메이드,221,0.303684058648125
Fall,ITEM,acc,151,0.11680616365239724
Fall,ITEM,bottom,159,0.12299456967371629
Fall,ITEM,outer,113,0.0874112350511317
Fall,ITEM,가디건,1907,1.4751612853319307
Fall,ITEM,가방,4961,3.8375852839704816
Fall,ITEM,가젤,133,0.10288225010442935
Fall,ITEM,구두,432,0.3341739251512292
Fall,ITEM,긴팔티,502,0.3883224778377709
Fall,ITEM,나이키덩크,446,0.3450036356885375
Fall,ITEM,나이키덩크범고래,168,0.12995652644770023
Fall,ITEM,넥타이,133,0.10288225010442935
Fall,ITEM,눕시,324,0.25063044386342187
Fall,ITEM,니트,4446,3.439206646348067
Fall,ITEM,더비,1054,0.8153224933087859
Fall,ITEM,더플백,218,0.16863406408094433
Fall,ITEM,데님,4140,3.202500116032613
Fall,ITEM,독일군스니커즈,406,0.31406160558194224
Fall,ITEM,럭비,132,0.10210869935176448
Fall,ITEM,로퍼,244,0.1887463836502313
Fall,ITEM,마원,1054,0.8153224933087859
Fall,ITEM,맨투맨,1593,1.2322663489951575
Fall,ITEM,머플러,606,0.4687717561149187
Fall,ITEM,모자,2596,2.0081377539180347
Fall,ITEM,모크넥,166,0.12840942494237048
Fall,ITEM,목걸이,453,0.3504184909571917
Fall,ITEM,목도리,178,0.13769203397434904
Fall,ITEM,무스탕,368,0.28466667698067666
Fall,ITEM,바람막이,946,0.7317790120209787
Fall,ITEM,바시티,810,0.6265761096585547
Fall,ITEM,바지,12616,9.759116295620156
Fall,ITEM,반바지,400,0.309420301065953
Fall,ITEM,반지,240,0.18565218063957176
Fall,ITEM,반팔티,1084,0.8385290158887325
Fall,ITEM,버뮤다,90,0.06961956773983942
Fall,ITEM,베스트,624,0.4826956696628866
Fall,ITEM,벨트,981,0.7588532883642496
Fall,ITEM,봄버,327,0.25295109612141653
Fall,ITEM,부츠,1486,1.1494964184600152
Fall,ITEM,블랙잭,41,0.03171558085926018
Fall,ITEM,블레이저,1026,0.7936630722341693
Fall,ITEM,비니,395,0.30555254730262854
Fall,ITEM,삭스,99,0.07658152451382334
Fall,ITEM,삼바,510,0.39451088385909
Fall,ITEM,상의,3569,2.7608026362609652
Fall,ITEM,샌들,62,0.047960146665222705
Fall,ITEM,선글라스,351,0.2715163141853737
Fall,ITEM,셋업,606,0.4687717561149187
Fall,ITEM,셔츠,4519,3.4956758512926034
Fall,ITEM,숄더백,112,0.08663768429846683
Fall,ITEM,수트,218,0.16863406408094433
Fall,ITEM,슈트,172,0.13305072945835977
Fall,ITEM,스니커즈,478,0.3697572597738138
Fall,ITEM,스웨터,177,0.13691848322168418
Fall,ITEM,스웻,663,0.512864149016817
Fall,ITEM,스웻셔츠,115,0.08895833655646147
Fall,ITEM,스카프,119,0.09205253956712099
Fall,ITEM,스트랩,100,0.07735507526648824
Fall,ITEM,슬랙스,1143,0.8841685102959604
Fall,ITEM,슬리퍼,206,0.15935145504896575
Fall,ITEM,슬립온,163,0.12608877268437582
Fall,ITEM,시계,385,0.2978170397759797
Fall,ITEM,신발,8338,6.449866175719789
Fall,ITEM,아디다스슈퍼스타,346,0.26764856042204926
Fall,ITEM,아우터,10759,8.322632547921469
Fall,ITEM,아워레거시,188,0.14542754150099788
Fall,ITEM,아이템,2083,1.61130621780095
Fall,ITEM,아크테릭스베타,106,0.08199637978247752
Fall,ITEM,아톰,185,0.14310688924300324
Fall,ITEM,악세사리,525,0.4061141451490632
Fall,ITEM,안경,835,0.6459148784751767
Fall,ITEM,양말,382,0.29549638751798507
Fall,ITEM,에어,311,0.24057428407877843
Fall,ITEM,에어포스,2734,2.1148877577857883
Fall,ITEM,오니츠카,154,0.11912681591039187
Fall,ITEM,옥스포드,97,0.0750344230084936
Fall,ITEM,왈라비,306,0.236706530315454
Fall,ITEM,운동화,308,0.23825363182078374
Fall,ITEM,워치,475,0.3674366075158191
Fall,ITEM,워커,326,0.25217754536875164
Fall,ITEM,이너,1439,1.1131395330847658
Fall,ITEM,자켓,8368,6.4730726982997355
Fall,ITEM,장갑,143,0.11061775763107817
Fall,ITEM,점퍼,338,0.2614601544007302
Fall,ITEM,정장,292,0.22587681977814567
Fall,ITEM,젤카야노,160,0.12376812042638119
Fall,ITEM,조거,188,0.14542754150099788
Fall,ITEM,조끼,240,0.18565218063957176
Fall,ITEM,지갑,402,0.3109674025712827
Fall,ITEM,진,980,0.7580797376115846
Fall,ITEM,쪼리,25,0.01933876881662206
Fall,ITEM,청바지,940,0.7271377075049894
Fall,ITEM,체인,157,0.12144746816838653
Fall,ITEM,첼시부츠,768,0.5940869780466296
Fall,ITEM,치노,894,0.6915543728824048
Fall,ITEM,카라,549,0.42467936321302036
Fall,ITEM,카펜터,82,0.06343116171852035
Fall,ITEM,캔버스,86,0.06652536472917989
Fall,ITEM,캡,1040,0.8044927827714775
Fall,ITEM,케이스,208,0.16089855655429552
Fall,ITEM,코치자켓,89,0.06884601698717452
Fall,ITEM,코트,5820,4.502065380509615
Fall,ITEM,크로스백,264,0.20421739870352895
Fall,ITEM,타이,371,0.2869873292386714
Fall,ITEM,터틀넥,123,0.09514674257778052
Fall,ITEM,토트백,181,0.1400126862323437
Fall,ITEM,트랙,241,0.18642573139223664
Fall,ITEM,트러커자켓,270,0.20885870321951824
Fall,ITEM,티,1962,1.5177065767284992
Fall,ITEM,티셔츠,813,0.6288967619165493
Fall,ITEM,파카,455,0.35196559246252146
Fall,ITEM,팔찌,247,0.19106703590822594
Fall,ITEM,패딩,4733,3.6612157123628886
Fall,ITEM,퍼티그,445,0.34423008493587265
Fall,ITEM,플리스,161,0.12454167117904606
Fall,ITEM,피코트,132,0.10210869935176448
Fall,ITEM,해링턴,248,0.19184058666089082
Fall,ITEM,향수,221,0.170954716338939
Fall,ITEM,헤드셋,215,0.1663134118229497
Fall,ITEM,헨리넥,264,0.20421739870352895
Fall,ITEM,후드티,4109,3.178520042700002
Fall,ITEM,후리스,237,0.1833315283815771
Spring,ITEM,acc,152,0.08261183849385574
Spring,ITEM,bottom,155,0.08424233530623448
Spring,ITEM,outer,120,0.06521987249514927
Spring,ITEM,가디건,2229,1.2114591315973977
Spring,ITEM,가방,7931,4.310490072991907
Spring,ITEM,가젤,328,0.17826765148674134
Spring,ITEM,구두,678,0.3684922795975934
Spring,ITEM,긴팔티,736,0.40001521797024886
Spring,ITEM,나이키덩크,1187,0.6451332387645182
Spring,ITEM,나이키덩크범고래,499,0.271205969792329
Spring,ITEM,넥타이,273,0.14837520992646458
Spring,ITEM,눕시,12,0.006521987249514928
Spring,ITEM,니트,4254,2.312044479953042
Spring,ITEM,더비,1389,0.7549200241313528
Spring,ITEM,더플백,54,0.02934894262281717
Spring,ITEM,데님,7706,4.188202812063502
Spring,ITEM,독일군스니커즈,816,0.4434951329670151
Spring,ITEM,럭비,207,0.1125042800541325
Spring,ITEM,로퍼,616,0.3347953454750996
Spring,ITEM,마원,656,0.3565353029734827
Spring,ITEM,맨투맨,1525,0.8288358796258553
Spring,ITEM,머플러,152,0.08261183849385574
Spring,ITEM,모자,3937,2.1397553167783556
Spring,ITEM,모크넥,66,0.0358709298723321
Spring,ITEM,목걸이,721,0.3918627339083552
Spring,ITEM,목도리,40,0.02173995749838309
Spring,ITEM,무스탕,69,0.037501426684710834
Spring,ITEM,바람막이,1596,0.8674243041854853
Spring,ITEM,바시티,448,0.2434875239818906
Spring,ITEM,바지,19721,10.718342545640324
Spring,ITEM,반바지,1855,1.008190528987516
Spring,ITEM,반지,498,0.2706624708548695
Spring,ITEM,반팔티,6244,3.3936073654976
Spring,ITEM,버뮤다,589,0.320120874163691
Spring,ITEM,베스트,1060,0.5761088737071519
Spring,ITEM,벨트,1726,0.9380791660552303
Spring,ITEM,봄버,249,0.13533123542743475
Spring,ITEM,부츠,1784,0.969602104427886
Spring,ITEM,블랙잭,286,0.1554406961134391
Spring,ITEM,블레이저,1694,0.9206872000565238
Spring,ITEM,비니,383,0.20816009304701807
Spring,ITEM,삭스,155,0.08424233530623448
Spring,ITEM,삼바,519,0.28207594854152057
Spring,ITEM,상의,4735,2.5734674688710983
Spring,ITEM,샌들,426,0.23153054735777992
Spring,ITEM,선글라스,886,0.4815400585891854
Spring,ITEM,셋업,1063,0.5777393705195306
Spring,ITEM,셔츠,10021,5.446402852282424
Spring,ITEM,숄더백,178,0.09674281086780476
Spring,ITEM,수트,343,0.186420135548635
Spring,ITEM,슈트,279,0.15163620355122207
Spring,ITEM,스니커즈,846,0.4598001010908024
Spring,ITEM,스웨터,114,0.06195887887039181
Spring,ITEM,스웻,933,0.5070845086497856
Spring,ITEM,스웻셔츠,207,0.1125042800541325
Spring,ITEM,스카프,244,0.13261374074013685
Spring,ITEM,스트랩,166,0.09022082361828983
Spring,ITEM,슬랙스,1851,1.0060165332376774
Spring,ITEM,슬리퍼,565,0.3070768996646611
Spring,ITEM,슬립온,298,0.16196268336295402
Spring,ITEM,시계,867,0.4712135787774535
Spring,ITEM,신발,12984,7.056790203975151
Spring,ITEM,아디다스슈퍼스타,501,0.2722929676672482
Spring,ITEM,아우터,14208,7.722032903425674
Spring,ITEM,아워레거시,149,0.08098134168147701
Spring,ITEM,아이템,2142,1.1641747240384146
Spring,ITEM,아크테릭스베타,135,0.07337235655704293
Spring,ITEM,아톰,102,0.05543689162087689
Spring,ITEM,악세사리,666,0.3619702923480785
Spring,ITEM,안경,1769,0.9614496203659922
Spring,ITEM,양말,694,0.3771882625969466
Spring,ITEM,에어,463,0.2516400080437843
Spring,ITEM,에어포스,3815,2.073448446408287
Spring,ITEM,오니츠카,256,0.1391357279896518
Spring,ITEM,옥스포드,370,0.2010946068600436
Spring,ITEM,왈라비,361,0.1962031164229074
Spring,ITEM,운동화,627,0.3407738337871549
Spring,ITEM,워치,826,0.4489301223416108
Spring,ITEM,워커,390,0.21196458560923515
Spring,ITEM,이너,1576,0.8565543254362937
Spring,ITEM,자켓,12518,6.803519699118989
Spring,ITEM,장갑,54,0.02934894262281717
Spring,ITEM,점퍼,179,0.09728630980526433
Spring,ITEM,정장,500,0.2717494687297886
Spring,ITEM,젤카야노,325,0.1766371546743626
Spring,ITEM,조거,279,0.15163620355122207
Spring,ITEM,조끼,212,0.11522177474143037
Spring,ITEM,지갑,720,0.39131923497089566
Spring,ITEM,진,1718,0.9337311745555537
Spring,ITEM,쪼리,165,0.08967732468083026
Spring,ITEM,청바지,1739,0.9451446522422049
Spring,ITEM,체인,208,0.11304777899159206
Spring,ITEM,첼시부츠,734,0.3989282200953297
Spring,ITEM,치노,1803,0.9799285842396178
Spring,ITEM,카라,1046,0.5684998885827178
Spring,ITEM,카펜터,176,0.0956558129928856
Spring,ITEM,캔버스,174,0.09456881511796644
Spring,ITEM,캡,1902,1.0337349790481158
Spring,ITEM,케이스,419,0.2277260547955629
Spring,ITEM,코치자켓,191,0.10380829705477926
Spring,ITEM,코트,1593,0.8657938073731065
Spring,ITEM,크로스백,469,0.25490100166854174
Spring,ITEM,타이,512,0.2782714559793036
Spring,ITEM,터틀넥,53,0.028805443685357594
Spring,ITEM,토트백,308,0.1673976727375498
Spring,ITEM,트랙,347,0.1885941312984733
Spring,ITEM,트러커자켓,504,0.27392346447962695
Spring,ITEM,티,4013,2.1810612360252835
Spring,ITEM,티셔츠,2743,1.4908175854516206
Spring,ITEM,파카,421,0.22881305267048202
Spring,ITEM,팔찌,516,0.28044545172914187
Spring,ITEM,패딩,600,0.32609936247574633
Spring,ITEM,퍼티그,911,0.4951275320256749
Spring,ITEM,플리스,84,0.04565391074660449
Spring,ITEM,피코트,64,0.03478393199741295
Spring,ITEM,해링턴,160,0.08695982999353236
Spring,ITEM,향수,340,0.18478963873625628
Spring,ITEM,헤드셋,265,0.14402721842678798
Spring,ITEM,헨리넥,445,0.24185702716951188
Spring,ITEM,후드티,3129,1.7006081753110174
Spring,ITEM,후리스,83,0.045110411809144914
Summer,ITEM,acc,155,0.1271471461617968
Summer,ITEM,bottom,119,0.0976161960855085
Summer,ITEM,outer,75,0.06152281265893394
Summer,ITEM,가디건,682,0.5594474431119059
Summer,ITEM,가방,6623,5.43287450986826
Summer,ITEM,가젤,132,0.10828015027972372
Summer,ITEM,구두,476,0.390464784342034
Summer,ITEM,긴팔티,576,0.4724952012206126
Summer,ITEM,나이키덩크,685,0.5619083556182632
Summer,ITEM,나이키덩크범고래,246,0.2017948255213033
Summer,ITEM,넥타이,76,0.06234311682771972
Summer,ITEM,눕시,21,0.017226387544501502
Summer,ITEM,니트,2227,1.826817383885945
Summer,ITEM,더비,812,0.6660869850540581
Summer,ITEM,더플백,34,0.027890341738716715
Summer,ITEM,데님,4371,3.5855495217626694
Summer,ITEM,독일군스니커즈,386,0.3166374091513133
Summer,ITEM,럭비,94,0.07710859186586387
Summer,ITEM,로퍼,510,0.4183551260807507
Summer,ITEM,마원,173,0.14191262119994094
Summer,ITEM,맨투맨,350,0.287106459075025
Summer,ITEM,머플러,43,0.03527307925778879
Summer,ITEM,모자,3411,2.798057519728315
Summer,ITEM,모크넥,13,0.010663954194215215
Summer,ITEM,목걸이,978,0.8022574770724985
Summer,ITEM,목도리,10,0.008203041687857857
Summer,ITEM,무스탕,33,0.02707003756993093
Summer,ITEM,바람막이,490,0.40194904270503506
Summer,ITEM,바시티,126,0.10335832526700901
Summer,ITEM,바지,13517,11.088051449477467
Summer,ITEM,반바지,2100,1.7226387544501502
Summer,ITEM,반지,501,0.41097238856167867
Summer,ITEM,반팔티,4876,3.9998031269994914
Summer,ITEM,버뮤다,929,0.762062572801995
Summer,ITEM,베스트,587,0.4815185470772563
Summer,ITEM,벨트,1647,1.3510409659901892
Summer,ITEM,봄버,77,0.0631634209965055
Summer,ITEM,부츠,1168,0.9581152691417978
Summer,ITEM,블랙잭,346,0.2838252423998819
Summer,ITEM,블레이저,480,0.39374600101717716
Summer,ITEM,비니,150,0.12304562531786788
Summer,ITEM,삭스,127,0.1041786294357948
Summer,ITEM,삼바,369,0.30269223828195496
Summer,ITEM,상의,3382,2.7742686988335272
Summer,ITEM,샌들,738,0.6053844765639099
Summer,ITEM,선글라스,814,0.6677275933916296
Summer,ITEM,셋업,426,0.3494495759027447
Summer,ITEM,셔츠,7583,6.220366511902613
Summer,ITEM,숄더백,127,0.1041786294357948
Summer,ITEM,수트,181,0.14847505455022722
Summer,ITEM,슈트,198,0.1624202254195856
Summer,ITEM,스니커즈,543,0.4454251636506817
Summer,ITEM,스웨터,48,0.03937460010171771
Summer,ITEM,스웻,308,0.252653683986022
Summer,ITEM,스웻셔츠,52,0.04265581677686086
Summer,ITEM,스카프,152,0.12468623365543945
Summer,ITEM,스트랩,193,0.15831870457565664
Summer,ITEM,슬랙스,1013,0.830968122980001
Summer,ITEM,슬리퍼,967,0.7932341312158548
Summer,ITEM,슬립온,197,0.16159992125079978
Summer,ITEM,시계,868,0.712024018506062
Summer,ITEM,신발,9135,7.493478581858152
Summer,ITEM,아디다스슈퍼스타,342,0.28054402572473874
Summer,ITEM,아우터,7959,6.528800879366068
Summer,ITEM,아워레거시,82,0.06726494184043444
Summer,ITEM,아이템,1698,1.3928764785982641
Summer,ITEM,아크테릭스베타,96,0.07874920020343543
Summer,ITEM,아톰,51,0.041835512608075075
Summer,ITEM,악세사리,557,0.4569094220136826
Summer,ITEM,안경,1202,0.9860056108805144
Summer,ITEM,양말,693,0.5684707889685495
Summer,ITEM,에어,465,0.38144143848539036
Summer,ITEM,에어포스,2745,2.2517349433169818
Summer,ITEM,오니츠카,256,0.20999786720916117
Summer,ITEM,옥스포드,153,0.12550653782422522
Summer,ITEM,왈라비,231,0.18949026298951652
Summer,ITEM,운동화,473,0.38800387183567664
Summer,ITEM,워치,976,0.8006168687349269
Summer,ITEM,워커,203,0.16652174626351451
Summer,ITEM,이너,480,0.39374600101717716
Summer,ITEM,자켓,3943,3.234459337522353
Summer,ITEM,장갑,35,0.028710645907502504
Summer,ITEM,점퍼,72,0.05906190015257658
Summer,ITEM,정장,290,0.23788820894787788
Summer,ITEM,젤카야노,183,0.1501156628877988
Summer,ITEM,조거,118,0.09679589191672272
Summer,ITEM,조끼,144,0.11812380030515315
Summer,ITEM,지갑,641,0.5258149721916887
Summer,ITEM,진,962,0.789132610371926
Summer,ITEM,쪼리,441,0.3617541384345315
Summer,ITEM,청바지,1390,1.1402227946122423
Summer,ITEM,체인,235,0.19277147966465966
Summer,ITEM,첼시부츠,401,0.3289419716831001
Summer,ITEM,치노,1045,0.8572178563811461
Summer,ITEM,카라,744,0.6103063015766247
Summer,ITEM,카펜터,92,0.07546798352829229
Summer,ITEM,캔버스,108,0.08859285022886486
Summer,ITEM,캡,1569,1.287057240824898
Summer,ITEM,케이스,340,0.2789034173871672
Summer,ITEM,코치자켓,44,0.036093383426574574
Summer,ITEM,코트,759,0.6226108641084114
Summer,ITEM,크로스백,395,0.32402014667038537
Summer,ITEM,타이,234,0.19195117549587387
Summer,ITEM,터틀넥,10,0.008203041687857857
Summer,ITEM,토트백,309,0.25347398815480776
Summer,ITEM,트랙,222,0.18210752547044445
Summer,ITEM,트러커자켓,173,0.14191262119994094
Summer,ITEM,티,3375,2.768526569652027
Summer,ITEM,티셔츠,3102,2.5445835315735073
Summer,ITEM,파카,145,0.11894410447393894
Summer,ITEM,팔찌,1100,0.9023345856643643
Summer,ITEM,패딩,380,0.3117155841385986
Summer,ITEM,퍼티그,522,0.4281987761061801
Summer,ITEM,플리스,27,0.022148212557216215
Summer,ITEM,피코트,38,0.03117155841385986
Summer,ITEM,해링턴,25,0.020507604219644645
Summer,ITEM,향수,228,0.18702935048315916
Summer,ITEM,헤드셋,178,0.14601414204386987
Summer,ITEM,헨리넥,345,0.28300493823109607
Summer,ITEM,후드티,1132,0.9285843190655094
Summer,ITEM,후리스,22,0.018046691713287287
Winter,ITEM,acc,97,0.08979735421816128
Winter,ITEM,bottom,88,0.08146564094018756
Winter,ITEM,outer,112,0.10368354301478416
Winter,ITEM,가디건,1103,1.021097749511669
Winter,ITEM,가방,4482,4.149193212430916
Winter,ITEM,가젤,244,0.2258820044250655
Winter,ITEM,구두,416,0.38511030262634116
Winter,ITEM,긴팔티,207,0.19162940539339574
Winter,ITEM,나이키덩크,456,0.4221401394173355
Winter,ITEM,나이키덩크범고래,168,0.15552531452217624
Winter,ITEM,넥타이,146,0.13515890428712934
Winter,ITEM,눕시,361,0.33419427703872395
Winter,ITEM,니트,3818,3.53449792170041
Winter,ITEM,더비,907,0.8396515492357968
Winter,ITEM,더플백,208,0.19255515131317058
Winter,ITEM,데님,2998,2.775386267485026
Winter,ITEM,독일군스니커즈,341,0.31567935864322677
Winter,ITEM,럭비,60,0.05554475518649151
Winter,ITEM,로퍼,214,0.19810962683181974
Winter,ITEM,마원,791,0.7322650225419132
Winter,ITEM,맨투맨,963,0.8914933207431888
Winter,ITEM,머플러,1370,1.2682719100915563
Winter,ITEM,모자,2060,1.9070365947362087
Winter,ITEM,모크넥,155,0.14349061756510306
Winter,ITEM,목걸이,210,0.1944066431527203
Winter,ITEM,목도리,386,0.3573379250330954
Winter,ITEM,무스탕,485,0.4489867710908064
Winter,ITEM,바람막이,497,0.46009572212810473
Winter,ITEM,바시티,672,0.622101258088705
Winter,ITEM,바지,10524,9.742550059710611
Winter,ITEM,반바지,145,0.1342331583673545
Winter,ITEM,반지,161,0.14904509308375222
Winter,ITEM,반팔티,543,0.5026800344377482
Winter,ITEM,버뮤다,19,0.017589172475722312
Winter,ITEM,베스트,686,0.635061700965553
Winter,ITEM,벨트,575,0.5323039038705437
Winter,ITEM,봄버,367,0.3397487525573731
Winter,ITEM,부츠,1296,1.1997667120282167
Winter,ITEM,블랙잭,22,0.02036641023504689
Winter,ITEM,블레이저,621,0.5748882161801872
Winter,ITEM,비니,606,0.5610020273835643
Winter,ITEM,삭스,76,0.07035668990288925
Winter,ITEM,삼바,518,0.4795363864433767
Winter,ITEM,상의,3266,3.023486173984688
Winter,ITEM,샌들,32,0.029623869432795477
Winter,ITEM,선글라스,333,0.3082733912850279
Winter,ITEM,셋업,451,0.4175114098184612
Winter,ITEM,셔츠,2656,2.4587811629220244
Winter,ITEM,숄더백,111,0.10275779709500932
Winter,ITEM,수트,194,0.17959470843632255
Winter,ITEM,슈트,168,0.15552531452217624
Winter,ITEM,스니커즈,349,0.32308532600142564
Winter,ITEM,스웨터,178,0.1647827737199248
Winter,ITEM,스웻,614,0.5684079947417632
Winter,ITEM,스웻셔츠,135,0.12497569916960591
Winter,ITEM,스카프,146,0.13515890428712934
Winter,ITEM,스트랩,57,0.05276751742716694
Winter,ITEM,슬랙스,758,0.7017154071893428
Winter,ITEM,슬리퍼,147,0.13608465020690422
Winter,ITEM,슬립온,138,0.12775293692893047
Winter,ITEM,시계,244,0.2258820044250655
Winter,ITEM,신발,8128,7.52446283593005
Winter,ITEM,아디다스슈퍼스타,322,0.29809018616750443
Winter,ITEM,아우터,8530,7.8966126956795435
Winter,ITEM,아워레거시,169,0.15645106044195112
Winter,ITEM,아이템,1553,1.4376834134103555
Winter,ITEM,아크테릭스베타,92,0.085168624619287
Winter,ITEM,아톰,120,0.11108951037298302
Winter,ITEM,악세사리,680,0.6295072254469039
Winter,ITEM,안경,826,0.7646661297340331
Winter,ITEM,양말,300,0.2777237759324576
Winter,ITEM,에어,266,0.2462484146601124
Winter,ITEM,에어포스,2303,2.131992853241499
Winter,ITEM,오니츠카,107,0.09905481341590987
Winter,ITEM,옥스포드,110,0.10183205117523443
Winter,ITEM,왈라비,392,0.3628924005517446
Winter,ITEM,운동화,293,0.27124355449403353
Winter,ITEM,워치,165,0.15274807676285165
Winter,ITEM,워커,237,0.21940178298664148
Winter,ITEM,이너,1131,1.047018635265365
Winter,ITEM,자켓,6781,6.277483081993316
Winter,ITEM,장갑,554,0.5128632395552717
Winter,ITEM,점퍼,282,0.2610603493765101
Winter,ITEM,정장,191,0.176817470676998
Winter,ITEM,젤카야노,111,0.10275779709500932
Winter,ITEM,조거,153,0.14163912572555337
Winter,ITEM,조끼,305,0.28235250553133184
Winter,ITEM,지갑,384,0.3554864331935457
Winter,ITEM,진,796,0.7368937521407875
Winter,ITEM,쪼리,13,0.012034696957073161
Winter,ITEM,청바지,687,0.6359874468853279
Winter,ITEM,체인,81,0.07498541950176354
Winter,ITEM,첼시부츠,601,0.55637329778469
Winter,ITEM,치노,619,0.5730367243406375
Winter,ITEM,카라,438,0.4054767128613881
Winter,ITEM,카펜터,77,0.07128243582266411
Winter,ITEM,캔버스,124,0.11479249405208247
Winter,ITEM,캡,872,0.8072504420436767
Winter,ITEM,케이스,164,0.1518223308430768
Winter,ITEM,코치자켓,82,0.0759111654215384
Winter,ITEM,코트,5424,5.021245868858832
Winter,ITEM,크로스백,205,0.18977791355384602
Winter,ITEM,타이,365,0.3378972607178234
Winter,ITEM,터틀넥,201,0.18607492987474658
Winter,ITEM,토트백,126,0.11664398589163218
Winter,ITEM,트랙,210,0.1944066431527203
Winter,ITEM,트러커자켓,243,0.22495625850529063
Winter,ITEM,티,1230,1.138667481323076
Winter,ITEM,티셔츠,436,0.40362522102183834
Winter,ITEM,파카,589,0.5452643467473918
Winter,ITEM,팔찌,77,0.07128243582266411
Winter,ITEM,패딩,5071,4.694457559178308
Winter,ITEM,퍼티그,331,0.3064218994454782
Winter,ITEM,플리스,195,0.18052045435609743
Winter,ITEM,피코트,250,0.23143647994371463
Winter,ITEM,해링턴,219,0.20273835643069404
Winter,ITEM,향수,216,0.19996111867136945
Winter,ITEM,헤드셋,114,0.10553503485433388
Winter,ITEM,헨리넥,190,0.17589172475722314
Winter,ITEM,후드티,2941,2.722618750057859
Winter,ITEM,후리스,198,0.183297692115422
Fall,STYLE,aw,108,0.1465161710440634
Fall,STYLE,fw,987,1.3389950075971349
Fall,STYLE,ss,373,0.5060234425873671
Fall,STYLE,가죽,1446,1.961688734534404
Fall,STYLE,감성,474,0.6430431951378337
Fall,STYLE,고급,372,0.504666811373996
Fall,STYLE,고아캐,283,0.3839266333839809
Fall,STYLE,고어텍스,126,0.17093553288474062
Fall,STYLE,고프코어,625,0.8478945083568482
Fall,STYLE,골드,98,0.1329498589103538
Fall,STYLE,구제,84,0.11395702192316041
Fall,STYLE,그레이,3081,4.179780768395919
Fall,STYLE,그린,911,1.235891035380942
Fall,STYLE,기모,149,0.20213805079227262
Fall,STYLE,깔끔,1067,1.4475255046668114
Fall,STYLE,꾸안꾸,170,0.23062730627306272
Fall,STYLE,나일론,586,0.7949858910353809
Fall,STYLE,네이비,1960,2.6589971782070765
Fall,STYLE,넥라인,103,0.1397330149772086
Fall,STYLE,다크,558,0.7570002170609941
Fall,STYLE,댄디,108,0.1465161710440634
Fall,STYLE,두툼,113,0.15329932711091815
Fall,STYLE,따뜻,679,0.92115259387888
Fall,STYLE,라운드,185,0.2509767744736271
Fall,STYLE,라이더,205,0.27810939874104623
Fall,STYLE,라이트,329,0.44633166919904493
Fall,STYLE,라인,729,0.9889841545474278
Fall,STYLE,락시크,91,0.12345344041675711
Fall,STYLE,러너,262,0.3554373779031908
Fall,STYLE,러닝,283,0.3839266333839809
Fall,STYLE,러프,282,0.38257000217060994
Fall,STYLE,런닝,101,0.13701975255046667
Fall,STYLE,레귤러,284,0.38528326459735185
Fall,STYLE,레더,644,0.8736705014108965
Fall,STYLE,레드,512,0.6945951812459301
Fall,STYLE,레이어드,828,1.1232906446711526
Fall,STYLE,레트로,161,0.21841762535272413
Fall,STYLE,로우,755,1.0242565660950727
Fall,STYLE,롱,812,1.1015845452572173
Fall,STYLE,루즈,159,0.21570436292598222
Fall,STYLE,리브,414,0.5616453223355763
Fall,STYLE,립,90,0.12209680920338614
Fall,STYLE,메이드,176,0.23876709355328848
Fall,STYLE,모던,46,0.062405035815064035
Fall,STYLE,모카,120,0.16279574560451487
Fall,STYLE,무난,979,1.328141957890167
Fall,STYLE,무지,172,0.23334056869980463
Fall,STYLE,무채색,193,0.26182982418059475
Fall,STYLE,미니멀,1346,1.8260256131973085
Fall,STYLE,버건디,250,0.3391578033427393
Fall,STYLE,범용,260,0.3527241154764489
Fall,STYLE,베이지,992,1.3457781636639896
Fall,STYLE,베이직,84,0.11395702192316041
Fall,STYLE,보세,3503,4.752279140438463
Fall,STYLE,브라운,2492,3.3807249837204254
Fall,STYLE,블랙,6955,9.435370088995008
Fall,STYLE,블루,2898,3.931517256349034
Fall,STYLE,빈티지,2376,3.2233557629693945
Fall,STYLE,선선,203,0.2753961363143043
Fall,STYLE,세미,521,0.7068048621662687
Fall,STYLE,숏,850,1.1531365313653137
Fall,STYLE,스몰,86,0.11667028434990231
Fall,STYLE,스웨이드,630,0.8546776644237031
Fall,STYLE,스퀘어,230,0.3120251790753202
Fall,STYLE,스탠다드,854,1.1585630562187974
Fall,STYLE,스트라이프,394,0.5345126980681572
Fall,STYLE,스트레이트,259,0.35136748426307796
Fall,STYLE,스트릿,969,1.3145756457564577
Fall,STYLE,스티치,228,0.30931191664857827
Fall,STYLE,스파,281,0.38121337095723895
Fall,STYLE,스포츠,189,0.2564032993271109
Fall,STYLE,슬릭,77,0.1044606034295637
Fall,STYLE,슬림,319,0.43276535706533537
Fall,STYLE,시원,192,0.2604731929672238
Fall,STYLE,시크,126,0.17093553288474062
Fall,STYLE,실루엣,415,0.5630019535489472
Fall,STYLE,실버,259,0.35136748426307796
Fall,STYLE,실크,83,0.11260039070978946
Fall,STYLE,심플,129,0.17500542652485349
Fall,STYLE,아메리칸,97,0.13159322769698284
Fall,STYLE,아메카지,172,0.23334056869980463
Fall,STYLE,아웃도어,127,0.17229216409811157
Fall,STYLE,아이보리,332,0.45040156283915783
Fall,STYLE,에이징,116,0.15736922075103105
Fall,STYLE,에코,135,0.18314521380507923
Fall,STYLE,오렌지,309,0.41919904493162585
Fall,STYLE,오묘,97,0.13159322769698284
Fall,STYLE,오버,1084,1.4705882352941175
Fall,STYLE,오버핏,664,0.9008031256783157
Fall,STYLE,오피스,457,0.6199804645105275
Fall,STYLE,올드,233,0.316095072715433
Fall,STYLE,올드 스쿨,121,0.16415237681788583
Fall,STYLE,올리브,493,0.6688191881918819
Fall,STYLE,올백,167,0.22655741263294987
Fall,STYLE,와이드,2243,3.042923811591057
Fall,STYLE,와이드핏,153,0.20756457564575648
Fall,STYLE,와일드,229,0.3106685478619492
Fall,STYLE,워시,219,0.2971022357282396
Fall,STYLE,워싱,477,0.6471130887779466
Fall,STYLE,웨스턴,405,0.5494356414152377
Fall,STYLE,유틸리티,235,0.31880833514217494
Fall,STYLE,인디고,196,0.2658997178207076
Fall,STYLE,정핏,198,0.26861298024744956
Fall,STYLE,주름,213,0.2889624484480139
Fall,STYLE,체크,760,1.0310397221619276
Fall,STYLE,초겨울,204,0.27675276752767525
Fall,STYLE,카고,228,0.30931191664857827
Fall,STYLE,카모,201,0.2726828738875624
Fall,STYLE,카키,772,1.047319296722379
Fall,STYLE,캐시미어,563,0.7637833731278489
Fall,STYLE,캐주얼,1826,2.4772085956153678
Fall,STYLE,캐트릿,162,0.21977425656609506
Fall,STYLE,코듀로이,570,0.7732797916214457
Fall,STYLE,코튼,505,0.6850987627523334
Fall,STYLE,크롭,406,0.5507922726286086
Fall,STYLE,클래식,523,0.7095181245930106
Fall,STYLE,탄탄,179,0.24283698719340133
Fall,STYLE,테일러드,180,0.24419361840677228
Fall,STYLE,트렌디,122,0.1655090080312568
Fall,STYLE,퍼플,195,0.26454308660733666
Fall,STYLE,펑크,97,0.13159322769698284
Fall,STYLE,편안,217,0.2943889733014977
Fall,STYLE,포멀,189,0.2564032993271109
Fall,STYLE,프렌치,137,0.18585847623182114
Fall,STYLE,프린팅,283,0.3839266333839809
Fall,STYLE,플레어,168,0.22791404384632083
Fall,STYLE,플로어,274,0.3717169524636423
Fall,STYLE,플리츠,85,0.11531365313653136
Fall,STYLE,핏더사이즈,867,1.17619926199262
Fall,STYLE,핏이,209,0.28353592359453006
Fall,STYLE,핑크,611,0.828901671369655
Fall,STYLE,헤비,236,0.3201649663555459
Fall,STYLE,화이트,1148,1.557412632949859
Fall,STYLE,흰색,494,0.6701758194052528
Fall,STYLE,힙,406,0.5507922726286086
Spring,STYLE,aw,101,0.09834277813479776
Spring,STYLE,fw,482,0.46931900060368836
Spring,STYLE,ss,1251,1.2180872816498218
Spring,STYLE,가죽,2501,2.4352008724270218
Spring,STYLE,감성,925,0.900664057175128
Spring,STYLE,고급,382,0.37194991334151234
Spring,STYLE,고아캐,505,0.49171389067398885
Spring,STYLE,고어텍스,245,0.23855426379233124
Spring,STYLE,고프코어,711,0.6922942104340714
Spring,STYLE,골드,159,0.15481684874685983
Spring,STYLE,구제,143,0.1392377947849117
Spring,STYLE,그레이,3718,3.620182664407704
Spring,STYLE,그린,1866,1.8169071683122044
Spring,STYLE,기모,72,0.07010574282876672
Spring,STYLE,깔끔,1458,1.4196412922825261
Spring,STYLE,꾸안꾸,253,0.2463437907733053
Spring,STYLE,나일론,1344,1.3086405328036455
Spring,STYLE,네이비,2135,2.0788300130474577
Spring,STYLE,넥라인,228,0.22200151895776127
Spring,STYLE,다크,634,0.6173200132421959
Spring,STYLE,댄디,128,0.12463243169558529
Spring,STYLE,두툼,77,0.07497419719187552
Spring,STYLE,따뜻,710,0.6913205195614497
Spring,STYLE,라운드,277,0.26971237171622753
Spring,STYLE,라이더,234,0.22784366419349183
Spring,STYLE,라이트,572,0.5569511791396468
Spring,STYLE,라인,1279,1.245350626083231
Spring,STYLE,락시크,96,0.09347432377168896
Spring,STYLE,러너,353,0.34371287803548134
Spring,STYLE,러닝,489,0.47613483671204065
Spring,STYLE,러프,413,0.4021343303927869
Spring,STYLE,런닝,211,0.20544877412319137
Spring,STYLE,레귤러,479,0.4663979279858231
Spring,STYLE,레더,864,0.8412689139452006
Spring,STYLE,레드,1011,0.9844014722205995
Spring,STYLE,레이어드,992,0.965901345640786
Spring,STYLE,레트로,158,0.15384315787423808
Spring,STYLE,로우,1319,1.2842982609881015
Spring,STYLE,롱,823,0.8013475881677085
Spring,STYLE,루즈,326,0.3174232244746938
Spring,STYLE,리브,580,0.5647407061206209
Spring,STYLE,립,173,0.1684485209635645
Spring,STYLE,메이드,235,0.22881735506611361
Spring,STYLE,모던,39,0.037973944032248644
Spring,STYLE,모카,155,0.1509220852563728
Spring,STYLE,무난,1289,1.2550875348094488
Spring,STYLE,무지,284,0.2765282078245799
Spring,STYLE,무채색,349,0.3398181145449943
Spring,STYLE,미니멀,1449,1.4108780744289304
Spring,STYLE,버건디,173,0.1684485209635645
Spring,STYLE,범용,322,0.3135284609842067
Spring,STYLE,베이지,1278,1.2443769352106093
Spring,STYLE,베이직,159,0.15481684874685983
Spring,STYLE,보세,6473,6.3027010184806525
Spring,STYLE,브라운,1992,1.939592218262546
Spring,STYLE,블랙,8072,7.8596327238028465
Spring,STYLE,블루,3874,3.7720784405366983
Spring,STYLE,빈티지,3791,3.6912620981090924
Spring,STYLE,선선,91,0.08860586940858016
Spring,STYLE,세미,804,0.7828474615878951
Spring,STYLE,숏,274,0.26679129909836224
Spring,STYLE,스몰,137,0.13339564954918112
Spring,STYLE,스웨이드,834,0.8120581877665478
Spring,STYLE,스퀘어,294,0.28626511655079745
Spring,STYLE,스탠다드,1192,1.160639520165138
Spring,STYLE,스트라이프,785,0.7643473350080816
Spring,STYLE,스트레이트,533,0.5189772351073981
Spring,STYLE,스트릿,1290,1.2560612256820705
Spring,STYLE,스티치,366,0.35637085937956414
Spring,STYLE,스파,509,0.49560865416447586
Spring,STYLE,스포츠,363,0.35344978676169886
Spring,STYLE,슬릭,174,0.16942221183618625
Spring,STYLE,슬림,493,0.4800296002025277
Spring,STYLE,시원,460,0.44789780140600965
Spring,STYLE,시크,129,0.12560612256820705
Spring,STYLE,실루엣,896,0.872427021869097
Spring,STYLE,실버,503,0.4897665089287453
Spring,STYLE,실크,149,0.14507994002064226
Spring,STYLE,심플,236,0.2297910459387354
Spring,STYLE,아메리칸,150,0.146053630893264
Spring,STYLE,아메카지,248,0.2414753364101965
Spring,STYLE,아웃도어,173,0.1684485209635645
Spring,STYLE,아이보리,491,0.4780822184572842
Spring,STYLE,에이징,231,0.22492259157562655
Spring,STYLE,에코,187,0.18208019318026913
Spring,STYLE,오렌지,325,0.316449533602072
Spring,STYLE,오묘,118,0.1148955229693677
Spring,STYLE,오버,1308,1.273587661389262
Spring,STYLE,오버핏,940,0.9152694202644545
Spring,STYLE,오피스,353,0.34371287803548134
Spring,STYLE,올드,276,0.26873868084360575
Spring,STYLE,올드 스쿨,216,0.21031722848630016
Spring,STYLE,올리브,563,0.548187961286051
Spring,STYLE,올백,234,0.22784366419349183
Spring,STYLE,와이드,3644,3.5481295398336936
Spring,STYLE,와이드핏,194,0.18889602928862145
Spring,STYLE,와일드,289,0.28139666218768866
Spring,STYLE,워시,528,0.5141087807442892
Spring,STYLE,워싱,923,0.8987166754298845
Spring,STYLE,웨스턴,500,0.48684543631088
Spring,STYLE,유틸리티,196,0.19084341103386498
Spring,STYLE,인디고,566,0.5511090339039162
Spring,STYLE,정핏,297,0.28918618916866273
Spring,STYLE,주름,369,0.3592919319974294
Spring,STYLE,체크,828,0.8062160425308172
Spring,STYLE,초겨울,26,0.02531596268816576
Spring,STYLE,카고,499,0.4858717454382583
Spring,STYLE,카모,144,0.14021148565753344
Spring,STYLE,카키,838,0.8159529512570349
Spring,STYLE,캐시미어,89,0.08665848766333664
Spring,STYLE,캐주얼,2440,2.3758057291970944
Spring,STYLE,캐트릿,158,0.15384315787423808
Spring,STYLE,코듀로이,311,0.30281786138536737
Spring,STYLE,코튼,906,0.8821639305953146
Spring,STYLE,크롭,449,0.4371872018071703
Spring,STYLE,클래식,712,0.6932679013066931
Spring,STYLE,탄탄,296,0.288212498296041
Spring,STYLE,테일러드,337,0.32813382407353314
Spring,STYLE,트렌디,106,0.10321123249790658
Spring,STYLE,퍼플,411,0.40018694864754334
Spring,STYLE,펑크,185,0.1801328114350256
Spring,STYLE,편안,449,0.4371872018071703
Spring,STYLE,포멀,269,0.26192284473525346
Spring,STYLE,프렌치,302,0.2940546435317716
Spring,STYLE,프린팅,864,0.8412689139452006
Spring,STYLE,플레어,230,0.22394890070300483
Spring,STYLE,플로어,276,0.26873868084360575
Spring,STYLE,플리츠,169,0.16455375747307746
Spring,STYLE,핏더사이즈,1248,1.2151662090319566
Spring,STYLE,핏이,323,0.3145021518568285
Spring,STYLE,핑크,1071,1.042822924577905
Spring,STYLE,헤비,250,0.24342271815544
Spring,STYLE,화이트,2570,2.5023855426379233
Spring,STYLE,흰색,983,0.9571381277871901
Spring,STYLE,힙,521,0.507292944635937
Summer,STYLE,aw,95,0.14062199327974895
Summer,STYLE,fw,872,1.2907618751572747
Summer,STYLE,ss,868,1.284840949124443
Summer,STYLE,가죽,1307,1.934662581227704
Summer,STYLE,감성,672,0.9947155735156978
Summer,STYLE,고급,336,0.4973577867578489
Summer,STYLE,고아캐,345,0.5106798703317199
Summer,STYLE,고어텍스,108,0.15986500288645145
Summer,STYLE,고프코어,390,0.5772902882010746
Summer,STYLE,골드,137,0.20279171662448006
Summer,STYLE,구제,111,0.1643056974110751
Summer,STYLE,그레이,2133,3.157333807007416
Summer,STYLE,그린,1106,1.6371360480779191
Summer,STYLE,기모,28,0.041446482229820746
Summer,STYLE,깔끔,1134,1.67858253030774
Summer,STYLE,꾸안꾸,160,0.2368370413132614
Summer,STYLE,나일론,813,1.2034282161730094
Summer,STYLE,네이비,1339,1.9820299894903564
Summer,STYLE,넥라인,107,0.15838477137824356
Summer,STYLE,다크,426,0.6305786224965584
Summer,STYLE,댄디,99,0.14654291931258048
Summer,STYLE,두툼,60,0.08881389049247303
Summer,STYLE,따뜻,98,0.1450626878043726
Summer,STYLE,라운드,123,0.1820684755095697
Summer,STYLE,라이더,92,0.1361812987551253
Summer,STYLE,라이트,325,0.4810752401675622
Summer,STYLE,라인,907,1.3425699779445506
Summer,STYLE,락시크,78,0.11545805764021493
Summer,STYLE,러너,359,0.5314031114466302
Summer,STYLE,러닝,656,0.9710318693843718
Summer,STYLE,러프,207,0.3064079221990319
Summer,STYLE,런닝,179,0.2649614399692112
Summer,STYLE,레귤러,347,0.5136403333481356
Summer,STYLE,레더,307,0.45443107301982033
Summer,STYLE,레드,616,0.9118226090560564
Summer,STYLE,레이어드,331,0.48995662921680955
Summer,STYLE,레트로,115,0.17022662344390663
Summer,STYLE,로우,818,1.2108293737140488
Summer,STYLE,롱,363,0.5373240374794618
Summer,STYLE,루즈,216,0.3197300057729029
Summer,STYLE,리브,243,0.35969625649451575
Summer,STYLE,립,89,0.13174060423050166
Summer,STYLE,메이드,145,0.21463356869014313
Summer,STYLE,모던,48,0.07105111239397842
Summer,STYLE,모카,98,0.1450626878043726
Summer,STYLE,무난,887,1.3129653477803929
Summer,STYLE,무지,206,0.30492769069082404
Summer,STYLE,무채색,231,0.3419334783960211
Summer,STYLE,미니멀,1088,1.6104918809301774
Summer,STYLE,버건디,138,0.20427194813268795
Summer,STYLE,범용,227,0.3360125523631896
Summer,STYLE,베이지,819,1.2123096052222568
Summer,STYLE,베이직,82,0.12137898367304648
Summer,STYLE,보세,4045,5.9875364507008895
Summer,STYLE,브라운,1301,1.925781192178457
Summer,STYLE,블랙,5718,8.463963763932679
Summer,STYLE,블루,2041,3.0211525082522908
Summer,STYLE,빈티지,2812,4.162411001080569
Summer,STYLE,선선,191,0.28272421806770576
Summer,STYLE,세미,389,0.5758100566928668
Summer,STYLE,숏,196,0.2901253756087452
Summer,STYLE,스몰,122,0.1805882440013618
Summer,STYLE,스웨이드,472,0.6986692718741211
Summer,STYLE,스퀘어,214,0.3167695427564871
Summer,STYLE,스탠다드,658,0.9739923324007875
Summer,STYLE,스트라이프,697,1.0317213612208949
Summer,STYLE,스트레이트,383,0.5669286676436194
Summer,STYLE,스트릿,1003,1.4846722027325074
Summer,STYLE,스티치,256,0.37893926610121825
Summer,STYLE,스파,217,0.32121023728111076
Summer,STYLE,스포츠,288,0.4263066743638705
Summer,STYLE,슬릭,97,0.14358245629616473
Summer,STYLE,슬림,337,0.4988380182660568
Summer,STYLE,시원,787,1.1649421969596043
Summer,STYLE,시크,106,0.1569045398700357
Summer,STYLE,실루엣,471,0.6971890403659132
Summer,STYLE,실버,480,0.7105111239397842
Summer,STYLE,실크,96,0.14210222478795684
Summer,STYLE,심플,188,0.27828352354308217
Summer,STYLE,아메리칸,132,0.19539055908344066
Summer,STYLE,아메카지,214,0.3167695427564871
Summer,STYLE,아웃도어,110,0.1628254659028672
Summer,STYLE,아이보리,316,0.4677531565936912
Summer,STYLE,에이징,184,0.2723625975102506
Summer,STYLE,에코,142,0.21019287416551952
Summer,STYLE,오렌지,269,0.3981822757079207
Summer,STYLE,오묘,83,0.12285921518125435
Summer,STYLE,오버,752,1.1131340941723287
Summer,STYLE,오버핏,498,0.7371552910875261
Summer,STYLE,오피스,271,0.4011427387243365
Summer,STYLE,올드,262,0.38782065515046554
Summer,STYLE,올드 스쿨,176,0.26052074544458753
Summer,STYLE,올리브,410,0.6068949183652323
Summer,STYLE,올백,212,0.3138090797400714
Summer,STYLE,와이드,2043,3.0241129712687065
Summer,STYLE,와이드핏,145,0.21463356869014313
Summer,STYLE,와일드,385,0.5698891306600352
Summer,STYLE,워시,285,0.4218659798392469
Summer,STYLE,워싱,669,0.9902748789910742
Summer,STYLE,웨스턴,382,0.5654484361354115
Summer,STYLE,유틸리티,118,0.17466731796853027
Summer,STYLE,인디고,372,0.5506461210533328
Summer,STYLE,정핏,183,0.27088236600204274
Summer,STYLE,주름,220,0.3256509318057344
Summer,STYLE,체크,615,0.9103423775478484
Summer,STYLE,초겨울,35,0.051808102787275934
Summer,STYLE,카고,290,0.42926713738028627
Summer,STYLE,카모,160,0.2368370413132614
Summer,STYLE,카키,604,0.8940598309575618
Summer,STYLE,캐시미어,110,0.1628254659028672
Summer,STYLE,캐주얼,1613,2.3876134227393164
Summer,STYLE,캐트릿,140,0.20723241114910373
Summer,STYLE,코듀로이,164,0.24275796734609295
Summer,STYLE,코튼,534,0.7904436253830098
Summer,STYLE,크롭,217,0.32121023728111076
Summer,STYLE,클래식,572,0.8466924226949095
Summer,STYLE,탄탄,181,0.26792190298562696
Summer,STYLE,테일러드,181,0.26792190298562696
Summer,STYLE,트렌디,67,0.0991755110499282
Summer,STYLE,퍼플,241,0.35673579347809997
Summer,STYLE,펑크,82,0.12137898367304648
Summer,STYLE,편안,292,0.432227600396702
Summer,STYLE,포멀,157,0.23239634678863774
Summer,STYLE,프렌치,123,0.1820684755095697
Summer,STYLE,프린팅,744,1.1012922421066655
Summer,STYLE,플레어,170,0.25163935639534024
Summer,STYLE,플로어,252,0.3730183400683867
Summer,STYLE,플리츠,102,0.15098361383720413
Summer,STYLE,핏더사이즈,727,1.0761283064671314
Summer,STYLE,핏이,229,0.3389730153796054
Summer,STYLE,핑크,625,0.9251446926299274
Summer,STYLE,헤비,140,0.20723241114910373
Summer,STYLE,화이트,1706,2.5252749530026497
Summer,STYLE,흰색,699,1.0346818242373106
Summer,STYLE,힙,303,0.44851014698698877
Winter,STYLE,aw,78,0.13590033975084936
Winter,STYLE,fw,793,1.3816534541336352
Winter,STYLE,ss,652,1.1359874553532538
Winter,STYLE,가죽,1173,2.043732032407004
Winter,STYLE,감성,425,0.7404826204373203
Winter,STYLE,고급,286,0.4983012457531144
Winter,STYLE,고아캐,267,0.46519731683944593
Winter,STYLE,고어텍스,207,0.3606585939541772
Winter,STYLE,고프코어,737,1.284083979440718
Winter,STYLE,골드,108,0.18816970119348375
Winter,STYLE,구제,77,0.13415802770276156
Winter,STYLE,그레이,2344,4.083979440717832
Winter,STYLE,그린,793,1.3816534541336352
Winter,STYLE,기모,158,0.2752853035978744
Winter,STYLE,깔끔,784,1.365972645700845
Winter,STYLE,꾸안꾸,151,0.2630891192612597
Winter,STYLE,나일론,473,0.8241135987455354
Winter,STYLE,네이비,1460,2.543775590208206
Winter,STYLE,넥라인,107,0.18642738914539594
Winter,STYLE,다크,432,0.752678804773935
Winter,STYLE,댄디,49,0.08537329035630281
Winter,STYLE,두툼,99,0.17248889276069343
Winter,STYLE,따뜻,1157,2.015855039637599
Winter,STYLE,라운드,162,0.2822545517902256
Winter,STYLE,라이더,100,0.17423120480878126
Winter,STYLE,라이트,261,0.4547434445509191
Winter,STYLE,라인,550,0.9582716264482969
Winter,STYLE,락시크,37,0.06446554577924907
Winter,STYLE,러너,128,0.22301594215524
Winter,STYLE,러닝,102,0.17771582890495688
Winter,STYLE,러프,162,0.2822545517902256
Winter,STYLE,런닝,44,0.07666173011586376
Winter,STYLE,레귤러,185,0.3223277288962453
Winter,STYLE,레더,460,0.8014635421203937
Winter,STYLE,레드,508,0.8850945204286087
Winter,STYLE,레이어드,661,1.151668263786044
Winter,STYLE,레트로,123,0.21430438191480092
Winter,STYLE,로우,638,1.1115950866800244
Winter,STYLE,롱,533,0.928652321630804
Winter,STYLE,루즈,116,0.20210819757818627
Winter,STYLE,리브,159,0.27702761564596223
Winter,STYLE,립,65,0.11325028312570783
Winter,STYLE,메이드,159,0.27702761564596223
Winter,STYLE,모던,34,0.059238609634985624
Winter,STYLE,모카,135,0.23521212649185466
Winter,STYLE,무난,627,1.0924296541510585
Winter,STYLE,무지,104,0.1812004530011325
Winter,STYLE,무채색,173,0.30141998431919154
Winter,STYLE,미니멀,1185,2.0646397769840577
Winter,STYLE,버건디,148,0.25786218311699627
Winter,STYLE,범용,196,0.34149316142521124
Winter,STYLE,베이지,694,1.209164561372942
Winter,STYLE,베이직,73,0.12718877951041033
Winter,STYLE,보세,2818,4.909835351511456
Winter,STYLE,브라운,1767,3.078665388971165
Winter,STYLE,블랙,5071,8.835264395853297
Winter,STYLE,블루,2327,4.05436013590034
Winter,STYLE,빈티지,2200,3.8330865057931875
Winter,STYLE,선선,6,0.010453872288526875
Winter,STYLE,세미,366,0.6376862096001394
Winter,STYLE,숏,767,1.3363533408833523
Winter,STYLE,스몰,76,0.13241571565467375
Winter,STYLE,스웨이드,453,0.7892673577837791
Winter,STYLE,스퀘어,152,0.2648314313093475
Winter,STYLE,스탠다드,549,0.956529314400209
Winter,STYLE,스트라이프,152,0.2648314313093475
Winter,STYLE,스트레이트,223,0.3885355867235822
Winter,STYLE,스트릿,756,1.3171879083543863
Winter,STYLE,스티치,151,0.2630891192612597
Winter,STYLE,스파,199,0.3467200975694747
Winter,STYLE,스포츠,185,0.3223277288962453
Winter,STYLE,슬릭,35,0.06098092168307344
Winter,STYLE,슬림,272,0.473908877079885
Winter,STYLE,시원,47,0.0818886662601272
Winter,STYLE,시크,56,0.0975694746929175
Winter,STYLE,실루엣,333,0.5801899120132415
Winter,STYLE,실버,211,0.36762784214652844
Winter,STYLE,실크,45,0.07840404216395157
Winter,STYLE,심플,101,0.17597351685686907
Winter,STYLE,아메리칸,55,0.09582716264482968
Winter,STYLE,아메카지,143,0.2491506228765572
Winter,STYLE,아웃도어,115,0.20036588553009843
Winter,STYLE,아이보리,311,0.5418590469553097
Winter,STYLE,에이징,101,0.17597351685686907
Winter,STYLE,에코,98,0.17074658071260562
Winter,STYLE,오렌지,329,0.5732206638208903
Winter,STYLE,오묘,70,0.12196184336614688
Winter,STYLE,오버,728,1.2684031710079275
Winter,STYLE,오버핏,437,0.7613903650143741
Winter,STYLE,오피스,316,0.5505706071957488
Winter,STYLE,올드,169,0.2944507361268403
Winter,STYLE,올드 스쿨,94,0.1637773325202544
Winter,STYLE,올리브,461,0.8032058541684814
Winter,STYLE,올백,151,0.2630891192612597
Winter,STYLE,와이드,1697,2.9567035456050177
Winter,STYLE,와이드핏,109,0.18991201324157156
Winter,STYLE,와일드,241,0.41989720358916277
Winter,STYLE,워시,187,0.32581235299242095
Winter,STYLE,워싱,376,0.6551093300810176
Winter,STYLE,웨스턴,193,0.3362662252809478
Winter,STYLE,유틸리티,227,0.3955048349159334
Winter,STYLE,인디고,142,0.2474083108284694
Winter,STYLE,정핏,165,0.2874814879344891
Winter,STYLE,주름,197,0.343235473473299
Winter,STYLE,체크,362,0.6307169614077881
Winter,STYLE,초겨울,53,0.09234253854865407
Winter,STYLE,카고,240,0.418154891541075
Winter,STYLE,카모,115,0.20036588553009843
Winter,STYLE,카키,543,0.9460754421116822
Winter,STYLE,캐시미어,375,0.6533670180329296
Winter,STYLE,캐주얼,1440,2.50892934924645
Winter,STYLE,캐트릿,118,0.2055928216743619
Winter,STYLE,코듀로이,509,0.8868368324766966
Winter,STYLE,코튼,368,0.641170833696315
Winter,STYLE,크롭,256,0.44603188431048
Winter,STYLE,클래식,457,0.7962366059761303
Winter,STYLE,탄탄,189,0.32929697708859657
Winter,STYLE,테일러드,149,0.25960449516508405
Winter,STYLE,트렌디,73,0.12718877951041033
Winter,STYLE,퍼플,224,0.39027789877167
Winter,STYLE,펑크,61,0.10628103493335657
Winter,STYLE,편안,161,0.2805122397421378
Winter,STYLE,포멀,131,0.22824287829950343
Winter,STYLE,프렌치,92,0.16029270842407875
Winter,STYLE,프린팅,219,0.38156633853123095
Winter,STYLE,플레어,129,0.22475825420332782
Winter,STYLE,플로어,222,0.38679327467549435
Winter,STYLE,플리츠,46,0.08014635421203938
Winter,STYLE,핏더사이즈,580,1.0105409878909313
Winter,STYLE,핏이,158,0.2752853035978744
Winter,STYLE,핑크,482,0.8397944071783255
Winter,STYLE,헤비,197,0.343235473473299
Winter,STYLE,화이트,985,1.7161773673664953
Winter,STYLE,흰색,361,0.6289746493597004
Winter,STYLE,힙,338,0.5889014722536806
