YEAR,TOKEN_TYPE,token,count,share
2022,BRAND,acg,203,0.14400635614261595
2022,BRAND,cp컴퍼니,128,0.0908020373707135
2022,BRAND,etce,1011,0.717194217045245
2022,BRAND,jw앤더슨,120,0.08512691003504391
2022,BRAND,lee,216,0.15322843806307904
2022,BRAND,lmc,341,0.24190230268291646
2022,BRAND,mlb,419,0.297234794205695
2022,BRAND,mmgl,771,0.5469403969751571
2022,BRAND,mmrb,1331,0.9441993104720288
2022,BRAND,mngu,280,0.19862945674843582
2022,BRAND,new,159,0.11279315579643319
2022,BRAND,oam,835,0.5923414156605139
2022,BRAND,rrl,367,0.26034646652384263
2022,BRAND,ymclky,111,0.07874239178241561
2022,BRAND,구찌,451,0.3199353035483734
2022,BRAND,굿라이프웍스,148,0.10498985570988749
2022,BRAND,그라더스,119,0.08441751911808522
2022,BRAND,그라미치,288,0.20430458408410537
2022,BRAND,그레일즈,334,0.23693656626420553
2022,BRAND,그리쉬,132,0.09363960103854829
2022,BRAND,꼼데가르송,460,0.32631982180100166
2022,BRAND,나나미카,72,0.05107614602102634
2022,BRAND,나이키,7827,5.552402707035739
2022,BRAND,네이더스,462,0.3277386036349191
2022,BRAND,노메뉴얼,202,0.14329696522565724
2022,BRAND,노스페이스,1067,0.7569201083949321
2022,BRAND,뉴발란스,4810,3.4121703105713435
2022,BRAND,뉴에라,304,0.21565483875544458
2022,BRAND,뉴치프시크,134,0.0950583828724657
2022,BRAND,다이브인,37,0.026247463927471872
2022,BRAND,닥터마틴,852,0.6044010612488118
2022,BRAND,더뮤지엄비지터,911,0.646255125349375
2022,BRAND,더콜디스트모먼트,305,0.2163642296724033
2022,BRAND,던스트,255,0.18089468382446833
2022,BRAND,데우스엑스마키나,152,0.10782741937772229
2022,BRAND,도프제이슨,1709,1.212349077082417
2022,BRAND,드레익스,71,0.05036675510406765
2022,BRAND,드로우핏,1220,0.8654569186896132
2022,BRAND,디스이즈네버댓,462,0.3277386036349191
2022,BRAND,디앤써,359,0.25467133918817303
2022,BRAND,디젤,117,0.08299873728416782
2022,BRAND,디키즈,287,0.2035951931671467
2022,BRAND,라코스테,192,0.13620305605607028
2022,BRAND,라퍼지스토어,1085,0.7696891449001887
2022,BRAND,라프시몬스,204,0.14471574705957466
2022,BRAND,랄프로렌,525,0.3724302314033171
2022,BRAND,레드윙,242,0.1716726019040052
2022,BRAND,로맨틱무브,1944,1.3790559425677114
2022,BRAND,루이비통,204,0.14471574705957466
2022,BRAND,르메르,524,0.3717208404863584
2022,BRAND,리넥츠,76,0.053913709688861146
2022,BRAND,리바이스,869,0.6164607068371097
2022,BRAND,리복,366,0.2596370756068839
2022,BRAND,리얼 맥코이,15,0.010640863754380489
2022,BRAND,릭오웬스,303,0.2149454478384859
2022,BRAND,마틴로즈,1582,1.1222564306286622
2022,BRAND,마틴플랜,481,0.34121703105713436
2022,BRAND,메종마르지엘라,1192,0.8455939730147695
2022,BRAND,메종미네드,1168,0.8285685910077608
2022,BRAND,메종키츠네,370,0.2624746392747187
2022,BRAND,모드나인,2811,1.9940978675709036
2022,BRAND,모스콧,211,0.14968148347828555
2022,BRAND,모이프,340,0.24119291176595775
2022,BRAND,몽벨,19,0.013478427422215286
2022,BRAND,무신사,233,0.16528808365137693
2022,BRAND,무인양품,40,0.02837563667834797
2022,BRAND,무탠다드,3696,2.6219088290793526
2022,BRAND,문선,282,0.2000482385823532
2022,BRAND,미나브,675,0.47883886894712197
2022,BRAND,미하라야스히로,588,0.4171218591717152
2022,BRAND,밈더워드로브,547,0.3880368315764085
2022,BRAND,바라쿠타,102,0.07235787352978733
2022,BRAND,바버,239,0.16954442915312912
2022,BRAND,반스,3404,2.4147666813274125
2022,BRAND,발렌시아가,887,0.6292297433423663
2022,BRAND,버버리,145,0.10286168295901138
2022,BRAND,버윅,51,0.036178936764893664
2022,BRAND,버즈릭슨,38,0.026956854844430573
2022,BRAND,버켄스탁,275,0.19508250216364229
2022,BRAND,베이프,114,0.08087056453329172
2022,BRAND,보테가베네타,424,0.30078174879048847
2022,BRAND,브라운야드,385,0.2731155030290992
2022,BRAND,브랜디드,1687,1.1967424769093258
2022,BRAND,브론슨,58,0.04114467318360456
2022,BRAND,브룩스브라더스,305,0.2163642296724033
2022,BRAND,블랭크룸,381,0.2702779393612644
2022,BRAND,비긴202,199,0.14116879247478115
2022,BRAND,비바스튜디오,630,0.44691627768398057
2022,BRAND,비얼디드키드,242,0.1716726019040052
2022,BRAND,비이커,105,0.07448604628066342
2022,BRAND,빔즈,113,0.08016117361633301
2022,BRAND,사카이,268,0.1901167657449314
2022,BRAND,생로랑,305,0.2163642296724033
2022,BRAND,샤카웨어,554,0.39300256799511935
2022,BRAND,세인트제임스,439,0.31142261254486897
2022,BRAND,세터,1754,1.2442716683455586
2022,BRAND,소니,370,0.2624746392747187
2022,BRAND,솔리드옴므,253,0.1794759019905509
2022,BRAND,수아레,620,0.43982236851439355
2022,BRAND,슈펜,397,0.28162819403260364
2022,BRAND,슈프림,1163,0.8250216364229672
2022,BRAND,스캇,540,0.3830710951576976
2022,BRAND,스톤아일랜드,580,0.4114467318360455
2022,BRAND,스투시,2332,1.6542996183476866
2022,BRAND,스튜디오니콜슨,328,0.23268022076245337
2022,BRAND,아노블리어,292,0.2071421477519402
2022,BRAND,아더에러,1937,1.3740902061490006
2022,BRAND,아디다스,2891,2.0508491409275997
2022,BRAND,아르켓,178,0.12627158321864845
2022,BRAND,아미,395,0.2802094121986862
2022,BRAND,아스토플렉스,44,0.031213200346182766
2022,BRAND,아식스,3431,2.433920236085297
2022,BRAND,아워레가시,1158,0.8214746818381737
2022,BRAND,아워셀브스,76,0.053913709688861146
2022,BRAND,아워스코프,267,0.1894073748279727
2022,BRAND,아이언레인저,110,0.07803300086545692
2022,BRAND,아크테릭스,878,0.6228452250897379
2022,BRAND,아트이프액츠,339,0.24048352084899907
2022,BRAND,아페쎄,468,0.33199494913667127
2022,BRAND,아프레쎄,9,0.006384518252628293
2022,BRAND,안데르센,224,0.15890356539874861
2022,BRAND,알렌느,595,0.4220875955904261
2022,BRAND,애쉬크로프트,227,0.16103173814962474
2022,BRAND,애프터프레이,1391,0.9867627654895507
2022,BRAND,애플,1606,1.139281812635671
2022,BRAND,앤더슨벨,2376,1.6855128186938695
2022,BRAND,어나더오피스,216,0.15322843806307904
2022,BRAND,어널러코드,348,0.24686803910162736
2022,BRAND,언더마이카,161,0.11421193763035058
2022,BRAND,언타이틀,179,0.12698097413560716
2022,BRAND,에센셜,375,0.26602159385951224
2022,BRAND,에스티유오피스,687,0.4873515599506264
2022,BRAND,에스피오나지,1152,0.8172183363364215
2022,BRAND,엑슬림,52,0.036888327681852365
2022,BRAND,예일,393,0.2787906303647688
2022,BRAND,오가프,195,0.13833122880694634
2022,BRAND,오어슬로우,2398,1.7011194188669607
2022,BRAND,오클리,42,0.029794418512265372
2022,BRAND,와일드브릭스,338,0.23977412993204036
2022,BRAND,요시다포터,115,0.08157995545025042
2022,BRAND,우영미,387,0.2745342848630166
2022,BRAND,우포스,670,0.4752919143623285
2022,BRAND,웨이비니스,63,0.04469162776839805
2022,BRAND,위더로드,417,0.2958160123717776
2022,BRAND,위캔더스,83,0.05887944610757204
2022,BRAND,유니온,888,0.6299391342593249
2022,BRAND,유니클로,2827,2.0054481222422424
2022,BRAND,유니폼브릿지,1617,1.1470851127222168
2022,BRAND,유스,581,0.4121561227530043
2022,BRAND,이얼즈어고,166,0.11775889221514407
2022,BRAND,이지,693,0.4916079054523786
2022,BRAND,인세인개러지,120,0.08512691003504391
2022,BRAND,일꼬르소,344,0.24403047543379253
2022,BRAND,자라,888,0.6299391342593249
2022,BRAND,자바나스,2364,1.677000127690365
2022,BRAND,젠틀몬스터,1581,1.1215470397117036
2022,BRAND,조던,3570,2.5325255735425563
2022,BRAND,조셉앤스테이시,1046,0.7420228991387995
2022,BRAND,주앙옴므,1435,1.0179759658357335
2022,BRAND,지샥,263,0.1865698111601379
2022,BRAND,지오다노,427,0.30290992154136454
2022,BRAND,챔피온,250,0.17734772923967482
2022,BRAND,카시오,618,0.43840358668047613
2022,BRAND,칼하트wip,150,0.10640863754380488
2022,BRAND,캐피탈,102,0.07235787352978733
2022,BRAND,캡틴선샤인,65,0.04611040960231545
2022,BRAND,컨버스,3580,2.539619482712143
2022,BRAND,코스,1643,1.1655292765631429
2022,BRAND,쿠어,2521,1.788374501652881
2022,BRAND,크롬하츠,249,0.1766383383227161
2022,BRAND,클락스,696,0.4937360782032547
2022,BRAND,키뮤어,436,0.30929443979399285
2022,BRAND,키스,26,0.018444163840926182
2022,BRAND,키코,156,0.11066498304555708
2022,BRAND,킨치,332,0.23551778443028815
2022,BRAND,테켓,326,0.23126143892853598
2022,BRAND,토니웩,933,0.6618617255224664
2022,BRAND,토피,923,0.6547678163528794
2022,BRAND,톰브라운,246,0.17451016557184001
2022,BRAND,팀버랜드,374,0.26531220294255353
2022,BRAND,파라부트,97,0.06881091894499383
2022,BRAND,파르티멘토,586,0.41570307733779777
2022,BRAND,파타고니아,230,0.16315991090050083
2022,BRAND,팔라스,186,0.13194671055431806
2022,BRAND,페몬트,267,0.1894073748279727
2022,BRAND,페이탈리즘,799,0.5668033426500008
2022,BRAND,포터,1218,0.8640381368556956
2022,BRAND,포터리,193,0.13691244697302896
2022,BRAND,포트너스,251,0.17805712015663352
2022,BRAND,폴로,2555,1.8124937928294764
2022,BRAND,푸마,321,0.22771448434374245
2022,BRAND,프라다,452,0.32064469446533206
2022,BRAND,프라이탁,642,0.4554289686874849
2022,BRAND,프로젝트지알,68,0.04823858235319155
2022,BRAND,프리즘웍스,553,0.3922931770781607
2022,BRAND,플랙,1399,0.9924378928252202
2022,BRAND,해칭룸,620,0.43982236851439355
2022,BRAND,헤리티지플로스,273,0.1936637203297249
2022,BRAND,헤지스,156,0.11066498304555708
2022,BRAND,호카,57,0.04043528226664586
2022,BRAND,휴먼메이드,134,0.0950583828724657
2023,BRAND,acg,232,0.1987952323419278
2023,BRAND,cp컴퍼니,117,0.10025449217243773
2023,BRAND,etce,1965,1.6837613428960694
2023,BRAND,jw앤더슨,118,0.10111136817391156
2023,BRAND,lee,168,0.14395516824760288
2023,BRAND,lmc,119,0.10196824417538539
2023,BRAND,mlb,199,0.17051832429329153
2023,BRAND,mmgl,210,0.1799439603095036
2023,BRAND,mmrb,484,0.4147279847133321
2023,BRAND,mngu,265,0.2270721403905641
2023,BRAND,new,175,0.14995330025791967
2023,BRAND,oam,483,0.4138711087118583
2023,BRAND,rrl,368,0.31533036854236823
2023,BRAND,ymclky,134,0.11482138419749278
2023,BRAND,구찌,254,0.21764650437435198
2023,BRAND,굿라이프웍스,137,0.11739201220191425
2023,BRAND,그라더스,130,0.11139388019159746
2023,BRAND,그라미치,169,0.1448120442490767
2023,BRAND,그레일즈,504,0.4318655047428087
2023,BRAND,그리쉬,148,0.12681764821812636
2023,BRAND,꼼데가르송,325,0.27848470047899365
2023,BRAND,나나미카,192,0.16452019228297474
2023,BRAND,나이키,5710,4.8927619684155506
2023,BRAND,네이더스,130,0.11139388019159746
2023,BRAND,노메뉴얼,175,0.14995330025791967
2023,BRAND,노스페이스,1064,0.9117160655681517
2023,BRAND,뉴발란스,4176,3.5783141821547
2023,BRAND,뉴에라,243,0.20822086835813988
2023,BRAND,뉴치프시크,218,0.18679896832129422
2023,BRAND,다이브인,118,0.10111136817391156
2023,BRAND,닥터마틴,592,0.5072705928725054
2023,BRAND,더뮤지엄비지터,639,0.5475437649417753
2023,BRAND,더콜디스트모먼트,194,0.16623394428592236
2023,BRAND,던스트,193,0.16537706828444856
2023,BRAND,데우스엑스마키나,256,0.21936025637729964
2023,BRAND,도프제이슨,1063,0.9108591895666778
2023,BRAND,드레익스,107,0.09168573215769946
2023,BRAND,드로우핏,712,0.6100957130493646
2023,BRAND,디스이즈네버댓,360,0.3084753605305776
2023,BRAND,디앤써,452,0.3873079526661697
2023,BRAND,디젤,566,0.48499181683418596
2023,BRAND,디키즈,285,0.2442096604200406
2023,BRAND,라코스테,100,0.08568760014738268
2023,BRAND,라퍼지스토어,651,0.5578262769594612
2023,BRAND,라프시몬스,217,0.1859420923198204
2023,BRAND,랄프로렌,398,0.34103664858658306
2023,BRAND,레드윙,220,0.18851272032424188
2023,BRAND,로맨틱무브,1217,1.042818093793647
2023,BRAND,루이비통,135,0.11567826019896661
2023,BRAND,르메르,674,0.5775344249933592
2023,BRAND,리넥츠,431,0.3693135566352193
2023,BRAND,리바이스,1032,0.8842960335209892
2023,BRAND,리복,444,0.38045294465437907
2023,BRAND,리얼 맥코이,47,0.04027317206926986
2023,BRAND,릭오웬스,299,0.2562059244406742
2023,BRAND,마틴로즈,1564,1.3401540663050648
2023,BRAND,마틴플랜,467,0.4001610926882771
2023,BRAND,메종마르지엘라,830,0.7112070812232761
2023,BRAND,메종미네드,894,0.7660471453176011
2023,BRAND,메종키츠네,135,0.11567826019896661
2023,BRAND,모드나인,1524,1.305879026246112
2023,BRAND,모스콧,200,0.17137520029476536
2023,BRAND,모이프,304,0.26049030444804333
2023,BRAND,몽벨,64,0.05484006409432491
2023,BRAND,무신사,154,0.13195890422696932
2023,BRAND,무인양품,33,0.028276908048636286
2023,BRAND,무탠다드,2298,1.9691010513868537
2023,BRAND,문선,186,0.15937893627413177
2023,BRAND,미나브,325,0.27848470047899365
2023,BRAND,미하라야스히로,1363,1.1679219900088258
2023,BRAND,밈더워드로브,495,0.42415362072954427
2023,BRAND,바라쿠타,100,0.08568760014738268
2023,BRAND,바버,315,0.26991594046425543
2023,BRAND,반스,2200,1.8851272032424187
2023,BRAND,발렌시아가,2309,1.978526687403066
2023,BRAND,버버리,97,0.08311697214296118
2023,BRAND,버윅,44,0.037702544064848374
2023,BRAND,버즈릭슨,154,0.13195890422696932
2023,BRAND,버켄스탁,227,0.19451085233455867
2023,BRAND,베이프,175,0.14995330025791967
2023,BRAND,보테가베네타,239,0.2047933643522446
2023,BRAND,브라운야드,566,0.48499181683418596
2023,BRAND,브랜디드,1011,0.8663016374900387
2023,BRAND,브론슨,144,0.12339014421223105
2023,BRAND,브룩스브라더스,379,0.32475600455858034
2023,BRAND,블랭크룸,477,0.4087298527030154
2023,BRAND,비긴202,257,0.22021713237877347
2023,BRAND,비바스튜디오,410,0.351319160604269
2023,BRAND,비얼디드키드,189,0.16194956427855325
2023,BRAND,비이커,85,0.07283446012527527
2023,BRAND,빔즈,206,0.17651645630360832
2023,BRAND,사카이,79,0.06769320411643232
2023,BRAND,생로랑,277,0.23735465240825
2023,BRAND,샤카웨어,280,0.2399252804126715
2023,BRAND,세인트제임스,267,0.22878589239351174
2023,BRAND,세터,1153,0.9879780296993222
2023,BRAND,소니,210,0.1799439603095036
2023,BRAND,솔리드옴므,145,0.12424702021370487
2023,BRAND,수아레,589,0.5046999648680839
2023,BRAND,슈펜,250,0.2142190003684567
2023,BRAND,슈프림,1345,1.152498221982297
2023,BRAND,스캇,272,0.23307027240088088
2023,BRAND,스톤아일랜드,444,0.38045294465437907
2023,BRAND,스투시,1965,1.6837613428960694
2023,BRAND,스튜디오니콜슨,154,0.13195890422696932
2023,BRAND,아노블리어,152,0.13024515222402167
2023,BRAND,아더에러,1486,1.2733177381901064
2023,BRAND,아디다스,4179,3.5808848101591217
2023,BRAND,아르켓,143,0.12253326821075722
2023,BRAND,아미,215,0.18422834031687274
2023,BRAND,아스토플렉스,112,0.0959701121650686
2023,BRAND,아식스,3200,2.7420032047162457
2023,BRAND,아워레가시,929,0.796037805369185
2023,BRAND,아워셀브스,61,0.05226943608990343
2023,BRAND,아워스코프,213,0.18251458831392509
2023,BRAND,아이언레인저,201,0.17223207629623916
2023,BRAND,아크테릭스,954,0.8174597054060307
2023,BRAND,아트이프액츠,277,0.23735465240825
2023,BRAND,아페쎄,258,0.2210740083802473
2023,BRAND,아프레쎄,42,0.03598879206190072
2023,BRAND,안데르센,211,0.18080083631097743
2023,BRAND,알렌느,553,0.47385242881502615
2023,BRAND,애쉬크로프트,339,0.29048096449962724
2023,BRAND,애프터프레이,1492,1.2784589941989495
2023,BRAND,애플,623,0.5338337489181941
2023,BRAND,앤더슨벨,1571,1.3461521983153817
2023,BRAND,어나더오피스,325,0.27848470047899365
2023,BRAND,어널러코드,244,0.2090777443596137
2023,BRAND,언더마이카,230,0.19708148033898013
2023,BRAND,언타이틀,132,0.11310763219454514
2023,BRAND,에센셜,147,0.12596077221665253
2023,BRAND,에스티유오피스,540,0.46271304079586645
2023,BRAND,에스피오나지,944,0.8088909453912925
2023,BRAND,엑슬림,96,0.08226009614148737
2023,BRAND,예일,155,0.13281578022844312
2023,BRAND,오가프,168,0.14395516824760288
2023,BRAND,오어슬로우,1346,1.1533550979837708
2023,BRAND,오클리,209,0.17908708430802978
2023,BRAND,와일드브릭스,282,0.24163903241561915
2023,BRAND,요시다포터,144,0.12339014421223105
2023,BRAND,우영미,272,0.23307027240088088
2023,BRAND,우포스,246,0.21079149636256136
2023,BRAND,웨이비니스,174,0.14909642425644584
2023,BRAND,위더로드,254,0.21764650437435198
2023,BRAND,위캔더스,160,0.13710016023581229
2023,BRAND,유니온,1153,0.9879780296993222
2023,BRAND,유니클로,3385,2.9005252649889033
2023,BRAND,유니폼브릿지,1158,0.9922624097066913
2023,BRAND,유스,578,0.49527432885187184
2023,BRAND,이얼즈어고,133,0.11396450819601896
2023,BRAND,이지,390,0.3341816405747924
2023,BRAND,인세인개러지,863,0.7394839892719125
2023,BRAND,일꼬르소,246,0.21079149636256136
2023,BRAND,자라,801,0.6863576771805352
2023,BRAND,자바나스,1159,0.9931192857081652
2023,BRAND,젠틀몬스터,1335,1.1439294619675586
2023,BRAND,조던,1589,1.3615759663419107
2023,BRAND,조셉앤스테이시,754,0.6460845051112654
2023,BRAND,주앙옴므,1302,1.1156525539189224
2023,BRAND,지샥,222,0.19022647232718953
2023,BRAND,지오다노,181,0.15509455626676263
2023,BRAND,챔피온,208,0.17823020830655595
2023,BRAND,카시오,316,0.27077281646572926
2023,BRAND,칼하트wip,191,0.1636633162815009
2023,BRAND,캐피탈,350,0.29990660051583934
2023,BRAND,캡틴선샤인,116,0.0993976161709639
2023,BRAND,컨버스,2121,1.8174339991259862
2023,BRAND,코스,1127,0.9656992536610027
2023,BRAND,쿠어,1441,1.2347583181237842
2023,BRAND,크롬하츠,235,0.2013658603463493
2023,BRAND,클락스,724,0.6203782250670505
2023,BRAND,키뮤어,449,0.3847373246617482
2023,BRAND,키스,69,0.05912444410169404
2023,BRAND,키코,189,0.16194956427855325
2023,BRAND,킨치,500,0.4284380007369134
2023,BRAND,테켓,206,0.17651645630360832
2023,BRAND,토니웩,1104,0.9459911056271046
2023,BRAND,토피,324,0.2776278244775198
2023,BRAND,톰브라운,163,0.13967078824023374
2023,BRAND,팀버랜드,440,0.37702544064848376
2023,BRAND,파라부트,87,0.07454821212822292
2023,BRAND,파르티멘토,310,0.26563156045688624
2023,BRAND,파타고니아,160,0.13710016023581229
2023,BRAND,팔라스,165,0.14138454024318142
2023,BRAND,페몬트,311,0.26648843645836007
2023,BRAND,페이탈리즘,487,0.4172986127177536
2023,BRAND,포터,1389,1.1902007660471452
2023,BRAND,포터리,184,0.15766518427118412
2023,BRAND,포트너스,398,0.34103664858658306
2023,BRAND,폴로,1728,1.4806817305467725
2023,BRAND,푸마,464,0.3975904646838556
2023,BRAND,프라다,345,0.29562222050847026
2023,BRAND,프라이탁,270,0.23135652039793322
2023,BRAND,프로젝트지알,355,0.3041909805232085
2023,BRAND,프리즘웍스,500,0.4284380007369134
2023,BRAND,플랙,760,0.6512257611201083
2023,BRAND,해칭룸,1049,0.8988629255460443
2023,BRAND,헤리티지플로스,372,0.31875787254826354
2023,BRAND,헤지스,129,0.11053700419012365
2023,BRAND,호카,91,0.07797571613411823
2023,BRAND,휴먼메이드,484,0.4147279847133321
2024,BRAND,acg,292,0.32008418652577114
2024,BRAND,cp컴퍼니,140,0.15346502093701356
2024,BRAND,etce,1440,1.5784973582092827
2024,BRAND,jw앤더슨,209,0.22910135268454168
2024,BRAND,lee,171,0.1874465612873523
2024,BRAND,lmc,61,0.06686690197969877
2024,BRAND,mlb,85,0.09317519128318681
2024,BRAND,mmgl,37,0.040558612676210734
2024,BRAND,mmrb,104,0.1140025869817815
2024,BRAND,mngu,50,0.05480893604893342
2024,BRAND,new,162,0.17758095279854427
2024,BRAND,oam,190,0.208273956985947
2024,BRAND,rrl,2548,2.793063381053647
2024,BRAND,ymclky,184,0.20169688466007496
2024,BRAND,구찌,161,0.1764847740775656
2024,BRAND,굿라이프웍스,43,0.04713568500208274
2024,BRAND,그라더스,364,0.3990090544362353
2024,BRAND,그라미치,151,0.16552298686777892
2024,BRAND,그레일즈,80,0.08769429767829347
2024,BRAND,그리쉬,193,0.211562493148883
2024,BRAND,꼼데가르송,435,0.47683774362572073
2024,BRAND,나나미카,680,0.7454015302654945
2024,BRAND,나이키,3139,3.4409050051520405
2024,BRAND,네이더스,68,0.07454015302654945
2024,BRAND,노메뉴얼,96,0.10523315721395216
2024,BRAND,노스페이스,779,0.8539232236423826
2024,BRAND,뉴발란스,2352,2.578212351741828
2024,BRAND,뉴에라,249,0.2729485015236884
2024,BRAND,뉴치프시크,89,0.09755990616710149
2024,BRAND,다이브인,179,0.19621599105518164
2024,BRAND,닥터마틴,920,1.008484423300375
2024,BRAND,더뮤지엄비지터,229,0.25102492710411506
2024,BRAND,더콜디스트모먼트,122,0.13373380395939755
2024,BRAND,던스트,73,0.08002104663144279
2024,BRAND,데우스엑스마키나,201,0.22033192291671233
2024,BRAND,도프제이슨,514,0.5634358625830356
2024,BRAND,드레익스,530,0.5809747221186943
2024,BRAND,드로우핏,254,0.2784293951285818
2024,BRAND,디스이즈네버댓,301,0.32994979501457916
2024,BRAND,디앤써,333,0.36502751408589657
2024,BRAND,디젤,200,0.2192357441957337
2024,BRAND,디키즈,557,0.6105715475851182
2024,BRAND,라코스테,151,0.16552298686777892
2024,BRAND,라퍼지스토어,179,0.19621599105518164
2024,BRAND,라프시몬스,82,0.0898866551202508
2024,BRAND,랄프로렌,739,0.8100760748032358
2024,BRAND,레드윙,902,0.9887532063227589
2024,BRAND,로맨틱무브,579,0.6346874794466489
2024,BRAND,루이비통,71,0.07782868918948545
2024,BRAND,르메르,816,0.8944818363185935
2024,BRAND,리넥츠,408,0.44724091815929673
2024,BRAND,리바이스,2440,2.6746760791879507
2024,BRAND,리복,226,0.24773639094117905
2024,BRAND,리얼 맥코이,249,0.2729485015236884
2024,BRAND,릭오웬스,421,0.46149124153201937
2024,BRAND,마틴로즈,1360,1.490803060530989
2024,BRAND,마틴플랜,186,0.20388924210203233
2024,BRAND,메종마르지엘라,489,0.5360313945585689
2024,BRAND,메종미네드,374,0.40997084164602193
2024,BRAND,메종키츠네,79,0.0865981189573148
2024,BRAND,모드나인,905,0.9920417424856949
2024,BRAND,모스콧,175,0.19183127617126697
2024,BRAND,모이프,311,0.34091158222436585
2024,BRAND,몽벨,206,0.22581281652160567
2024,BRAND,무신사,73,0.08002104663144279
2024,BRAND,무인양품,293,0.32118036524674987
2024,BRAND,무탠다드,1326,1.4535329840177142
2024,BRAND,문선,52,0.05700129349089075
2024,BRAND,미나브,99,0.10852169337688816
2024,BRAND,미하라야스히로,481,0.5272619647907395
2024,BRAND,밈더워드로브,294,0.3222765439677285
2024,BRAND,바라쿠타,188,0.20608159954398964
2024,BRAND,바버,732,0.8024028237563853
2024,BRAND,반스,1513,1.6585184048407253
2024,BRAND,발렌시아가,1148,1.2584131716835112
2024,BRAND,버버리,163,0.17867713151952294
2024,BRAND,버윅,197,0.21594720803279768
2024,BRAND,버즈릭슨,677,0.7421129941025585
2024,BRAND,버켄스탁,341,0.3737969438537259
2024,BRAND,베이프,212,0.2323898888474777
2024,BRAND,보테가베네타,70,0.07673251046850678
2024,BRAND,브라운야드,379,0.4154517352509153
2024,BRAND,브랜디드,542,0.5941288667704383
2024,BRAND,브론슨,682,0.7475938877074518
2024,BRAND,브룩스브라더스,917,1.005195887137439
2024,BRAND,블랭크룸,283,0.3102185780369631
2024,BRAND,비긴202,244,0.2674676079187951
2024,BRAND,비바스튜디오,107,0.11729112314471753
2024,BRAND,비얼디드키드,53,0.05809747221186942
2024,BRAND,비이커,182,0.19950452721811765
2024,BRAND,빔즈,381,0.41764409269287267
2024,BRAND,사카이,75,0.08221340407340014
2024,BRAND,생로랑,121,0.13263762523841885
2024,BRAND,샤카웨어,71,0.07782868918948545
2024,BRAND,세인트제임스,230,0.2521211058250937
2024,BRAND,세터,251,0.2751408589656458
2024,BRAND,소니,46,0.05042422116501874
2024,BRAND,솔리드옴므,130,0.1425032337272269
2024,BRAND,수아레,195,0.21375485059084032
2024,BRAND,슈펜,127,0.1392146975642909
2024,BRAND,슈프림,1439,1.5774011794883038
2024,BRAND,스캇,122,0.13373380395939755
2024,BRAND,스톤아일랜드,742,0.8133646109661719
2024,BRAND,스투시,1485,1.6278254006533224
2024,BRAND,스튜디오니콜슨,99,0.10852169337688816
2024,BRAND,아노블리어,42,0.04603950628110407
2024,BRAND,아더에러,645,0.7070352750312411
2024,BRAND,아디다스,2146,2.3523995352202225
2024,BRAND,아르켓,130,0.1425032337272269
2024,BRAND,아미,107,0.11729112314471753
2024,BRAND,아스토플렉스,218,0.23896696117334967
2024,BRAND,아식스,1441,1.579593536930261
2024,BRAND,아워레가시,616,0.6752460921228597
2024,BRAND,아워셀브스,173,0.18963891872930963
2024,BRAND,아워스코프,49,0.053712757327954753
2024,BRAND,아이언레인저,234,0.2565058207090084
2024,BRAND,아크테릭스,824,0.9032512660864227
2024,BRAND,아트이프액츠,228,0.24992874838313642
2024,BRAND,아페쎄,88,0.09646372744612282
2024,BRAND,아프레쎄,186,0.20388924210203233
2024,BRAND,안데르센,207,0.22690899524258437
2024,BRAND,알렌느,176,0.19292745489224564
2024,BRAND,애쉬크로프트,240,0.2630828930348804
2024,BRAND,애프터프레이,462,0.5064345690921448
2024,BRAND,애플,251,0.2751408589656458
2024,BRAND,앤더슨벨,633,0.6938811303794971
2024,BRAND,어나더오피스,198,0.21704338675377632
2024,BRAND,어널러코드,117,0.1282529103545042
2024,BRAND,언더마이카,133,0.14579176989016288
2024,BRAND,언타이틀,153,0.16771534430973625
2024,BRAND,에센셜,76,0.08330958279437879
2024,BRAND,에스티유오피스,224,0.24554403349922171
2024,BRAND,에스피오나지,515,0.5645320413040141
2024,BRAND,엑슬림,156,0.17100388047267226
2024,BRAND,예일,107,0.11729112314471753
2024,BRAND,오가프,83,0.09098283384122947
2024,BRAND,오어슬로우,1423,1.5598623199526451
2024,BRAND,오클리,265,0.29048736105934714
2024,BRAND,와일드브릭스,214,0.23458224628943505
2024,BRAND,요시다포터,164,0.1797733102405016
2024,BRAND,우영미,134,0.14688794861114157
2024,BRAND,우포스,138,0.15127266349505625
2024,BRAND,웨이비니스,119,0.13044526779646154
2024,BRAND,위더로드,82,0.0898866551202508
2024,BRAND,위캔더스,156,0.17100388047267226
2024,BRAND,유니온,948,1.0391774274877776
2024,BRAND,유니클로,5317,5.82838225944358
2024,BRAND,유니폼브릿지,907,0.9942340999276522
2024,BRAND,유스,410,0.449433275601254
2024,BRAND,이얼즈어고,272,0.2981606121061978
2024,BRAND,이지,260,0.2850064674544538
2024,BRAND,인세인개러지,318,0.34858483327121653
2024,BRAND,일꼬르소,122,0.13373380395939755
2024,BRAND,자라,721,0.7903448578256198
2024,BRAND,자바나스,446,0.4888957095564861
2024,BRAND,젠틀몬스터,833,0.9131168745752307
2024,BRAND,조던,445,0.4877995308355075
2024,BRAND,조셉앤스테이시,384,0.4209326288558086
2024,BRAND,주앙옴므,613,0.6719575559599237
2024,BRAND,지샥,65,0.07125161686361345
2024,BRAND,지오다노,89,0.09755990616710149
2024,BRAND,챔피온,201,0.22033192291671233
2024,BRAND,카시오,405,0.44395238199636067
2024,BRAND,칼하트wip,281,0.3080262205950058
2024,BRAND,캐피탈,1008,1.1049481507464978
2024,BRAND,캡틴선샤인,421,0.46149124153201937
2024,BRAND,컨버스,954,1.0457544998136497
2024,BRAND,코스,771,0.8451537938745532
2024,BRAND,쿠어,646,0.7081314537522198
2024,BRAND,크롬하츠,457,0.5009536754872514
2024,BRAND,클락스,507,0.5557626115361849
2024,BRAND,키뮤어,161,0.1764847740775656
2024,BRAND,키스,199,0.218139565474755
2024,BRAND,키코,207,0.22690899524258437
2024,BRAND,킨치,578,0.6335913007256704
2024,BRAND,테켓,77,0.08440576151535746
2024,BRAND,토니웩,517,0.5667243987459716
2024,BRAND,토피,126,0.13811851884331222
2024,BRAND,톰브라운,129,0.14140705500624823
2024,BRAND,팀버랜드,925,1.0139653169052683
2024,BRAND,파라부트,224,0.24554403349922171
2024,BRAND,파르티멘토,190,0.208273956985947
2024,BRAND,파타고니아,372,0.40777848420406465
2024,BRAND,팔라스,169,0.18525420384539495
2024,BRAND,페몬트,175,0.19183127617126697
2024,BRAND,페이탈리즘,80,0.08769429767829347
2024,BRAND,포터,1664,1.824041391708504
2024,BRAND,포터리,356,0.39023962466840595
2024,BRAND,포트너스,86,0.09427137000416548
2024,BRAND,폴로,3070,3.3652686734045116
2024,BRAND,푸마,241,0.2641790717558591
2024,BRAND,프라다,221,0.24225549733628574
2024,BRAND,프라이탁,189,0.20717777826496833
2024,BRAND,프로젝트지알,164,0.1797733102405016
2024,BRAND,프리즘웍스,327,0.35845044176002455
2024,BRAND,플랙,249,0.2729485015236884
2024,BRAND,해칭룸,922,1.0106767807423322
2024,BRAND,헤리티지플로스,243,0.2663714291978164
2024,BRAND,헤지스,102,0.11181022953982418
2024,BRAND,호카,268,0.29377589722228314
2024,BRAND,휴먼메이드,566,0.6204371560739262
2025,BRAND,acg,94,0.24498305968204326
2025,BRAND,cp컴퍼니,99,0.2580140734949179
2025,BRAND,etce,280,0.7297367735209799
2025,BRAND,jw앤더슨,258,0.6724003127443314
2025,BRAND,lee,106,0.27625749283294243
2025,BRAND,lmc,20,0.05212405525149857
2025,BRAND,mlb,24,0.06254886630179828
2025,BRAND,mmgl,2,0.005212405525149857
2025,BRAND,mmrb,17,0.04430544696377378
2025,BRAND,mngu,3,0.007818608287724784
2025,BRAND,new,52,0.13552254365389627
2025,BRAND,oam,22,0.05733646077664842
2025,BRAND,rrl,2842,7.406828251237946
2025,BRAND,ymclky,36,0.09382329945269742
2025,BRAND,구찌,63,0.1641907740422205
2025,BRAND,굿라이프웍스,4,0.010424811050299713
2025,BRAND,그라더스,213,0.5551211884284597
2025,BRAND,그라미치,93,0.24237685691946834
2025,BRAND,그레일즈,9,0.023455824863174355
2025,BRAND,그리쉬,25,0.06515506906437321
2025,BRAND,꼼데가르송,215,0.5603335939536096
2025,BRAND,나나미카,319,0.8313786812614021
2025,BRAND,나이키,925,2.4107375553818087
2025,BRAND,네이더스,6,0.01563721657544957
2025,BRAND,노메뉴얼,14,0.036486838676048995
2025,BRAND,노스페이스,163,0.4248110502997133
2025,BRAND,뉴발란스,844,2.1996351316132396
2025,BRAND,뉴에라,129,0.3362001563721657
2025,BRAND,뉴치프시크,10,0.026062027625749284
2025,BRAND,다이브인,121,0.31535053427156634
2025,BRAND,닥터마틴,519,1.3526192337763878
2025,BRAND,더뮤지엄비지터,22,0.05733646077664842
2025,BRAND,더콜디스트모먼트,18,0.04691164972634871
2025,BRAND,던스트,1,0.0026062027625749283
2025,BRAND,데우스엑스마키나,51,0.13291634089132134
2025,BRAND,도프제이슨,171,0.44566067240031276
2025,BRAND,드레익스,349,0.90956476413865
2025,BRAND,드로우핏,22,0.05733646077664842
2025,BRAND,디스이즈네버댓,91,0.2371644513943185
2025,BRAND,디앤써,63,0.1641907740422205
2025,BRAND,디젤,31,0.08079228563982278
2025,BRAND,디키즈,176,0.45869168621318734
2025,BRAND,라코스테,82,0.2137086265311441
2025,BRAND,라퍼지스토어,8,0.020849622100599426
2025,BRAND,라프시몬스,21,0.054730258014073496
2025,BRAND,랄프로렌,459,1.196247068021892
2025,BRAND,레드윙,574,1.4959603857180088
2025,BRAND,로맨틱무브,109,0.28407610112066717
2025,BRAND,루이비통,58,0.15115976022934585
2025,BRAND,르메르,202,0.5264529580401355
2025,BRAND,리넥츠,67,0.1746155850925202
2025,BRAND,리바이스,2293,5.976022934584311
2025,BRAND,리복,43,0.11206671879072191
2025,BRAND,리얼 맥코이,127,0.33098775084701587
2025,BRAND,릭오웬스,128,0.3335939536095908
2025,BRAND,마틴로즈,492,1.2822517591868647
2025,BRAND,마틴플랜,22,0.05733646077664842
2025,BRAND,메종마르지엘라,227,0.5916080271045088
2025,BRAND,메종미네드,16,0.04169924420119885
2025,BRAND,메종키츠네,17,0.04430544696377378
2025,BRAND,모드나인,342,0.8913213448006255
2025,BRAND,모스콧,72,0.18764659890539484
2025,BRAND,모이프,97,0.25280166796976805
2025,BRAND,몽벨,118,0.30753192598384155
2025,BRAND,무신사,6,0.01563721657544957
2025,BRAND,무인양품,155,0.4039614281991139
2025,BRAND,무탠다드,424,1.1050299713317697
2025,BRAND,문선,8,0.020849622100599426
2025,BRAND,미나브,18,0.04691164972634871
2025,BRAND,미하라야스히로,107,0.2788636955955173
2025,BRAND,밈더워드로브,46,0.11988532707844671
2025,BRAND,바라쿠타,180,0.46911649726348714
2025,BRAND,바버,206,0.5368777690904353
2025,BRAND,반스,589,1.5350534271566327
2025,BRAND,발렌시아가,230,0.5994266353922335
2025,BRAND,버버리,52,0.13552254365389627
2025,BRAND,버윅,169,0.4404482668751629
2025,BRAND,버즈릭슨,410,1.0685431326557204
2025,BRAND,버켄스탁,166,0.4326296585874381
2025,BRAND,베이프,88,0.22934584310659367
2025,BRAND,보테가베네타,31,0.08079228563982278
2025,BRAND,브라운야드,76,0.19807140995569453
2025,BRAND,브랜디드,96,0.2501954652071931
2025,BRAND,브론슨,658,1.7148814177743028
2025,BRAND,브룩스브라더스,306,0.7974980453479281
2025,BRAND,블랭크룸,73,0.19025280166796976
2025,BRAND,비긴202,32,0.0833984884023977
2025,BRAND,비바스튜디오,22,0.05733646077664842
2025,BRAND,비얼디드키드,5,0.013031013812874642
2025,BRAND,비이커,44,0.11467292155329684
2025,BRAND,빔즈,189,0.4925723221266614
2025,BRAND,사카이,36,0.09382329945269742
2025,BRAND,생로랑,73,0.19025280166796976
2025,BRAND,샤카웨어,24,0.06254886630179828
2025,BRAND,세인트제임스,86,0.22413343758144383
2025,BRAND,세터,46,0.11988532707844671
2025,BRAND,소니,11,0.02866823038832421
2025,BRAND,솔리드옴므,41,0.10685431326557206
2025,BRAND,수아레,13,0.033880635913474066
2025,BRAND,슈펜,30,0.07818608287724785
2025,BRAND,슈프림,378,0.9851446442533228
2025,BRAND,스캇,45,0.11727912431587179
2025,BRAND,스톤아일랜드,516,1.3448006254886629
2025,BRAND,스투시,338,0.8808965337503258
2025,BRAND,스튜디오니콜슨,31,0.08079228563982278
2025,BRAND,아노블리어,1,0.0026062027625749283
2025,BRAND,아더에러,148,0.38571800886108937
2025,BRAND,아디다스,623,1.6236643210841804
2025,BRAND,아르켓,68,0.17722178785509513
2025,BRAND,아미,44,0.11467292155329684
2025,BRAND,아스토플렉스,104,0.27104508730779253
2025,BRAND,아식스,372,0.9695074276778733
2025,BRAND,아워레가시,215,0.5603335939536096
2025,BRAND,아워셀브스,92,0.23977065415689341
2025,BRAND,아이언레인저,131,0.3414125618973156
2025,BRAND,아크테릭스,429,1.1180609851446441
2025,BRAND,아트이프액츠,55,0.14334115194162106
2025,BRAND,아페쎄,45,0.11727912431587179
2025,BRAND,아프레쎄,260,0.6776127182694814
2025,BRAND,안데르센,28,0.07297367735209799
2025,BRAND,알렌느,33,0.08600469116497264
2025,BRAND,애쉬크로프트,3,0.007818608287724784
2025,BRAND,애프터프레이,73,0.19025280166796976
2025,BRAND,애플,86,0.22413343758144383
2025,BRAND,앤더슨벨,223,0.5811832160542091
2025,BRAND,어나더오피스,33,0.08600469116497264
2025,BRAND,어널러코드,24,0.06254886630179828
2025,BRAND,언더마이카,48,0.12509773260359655
2025,BRAND,언타이틀,14,0.036486838676048995
2025,BRAND,에센셜,25,0.06515506906437321
2025,BRAND,에스티유오피스,42,0.10946051602814699
2025,BRAND,에스피오나지,106,0.27625749283294243
2025,BRAND,엑슬림,96,0.2501954652071931
2025,BRAND,예일,11,0.02866823038832421
2025,BRAND,오가프,40,0.10424811050299713
2025,BRAND,오어슬로우,928,2.4185561636695336
2025,BRAND,오클리,191,0.49778472765181125
2025,BRAND,와일드브릭스,59,0.15376596299192077
2025,BRAND,요시다포터,68,0.17722178785509513
2025,BRAND,우영미,39,0.10164190774042221
2025,BRAND,우포스,52,0.13552254365389627
2025,BRAND,웨이비니스,100,0.26062027625749284
2025,BRAND,위더로드,30,0.07818608287724785
2025,BRAND,위캔더스,72,0.18764659890539484
2025,BRAND,유니온,430,1.1206671879072192
2025,BRAND,유니클로,2200,5.733646077664843
2025,BRAND,유니폼브릿지,278,0.7245243679958301
2025,BRAND,유스,111,0.28928850664581707
2025,BRAND,이얼즈어고,222,0.5785770132916341
2025,BRAND,이지,68,0.17722178785509513
2025,BRAND,인세인개러지,87,0.22673964034401875
2025,BRAND,일꼬르소,12,0.03127443315089914
2025,BRAND,자라,305,0.7948918425853533
2025,BRAND,자바나스,43,0.11206671879072191
2025,BRAND,젠틀몬스터,213,0.5551211884284597
2025,BRAND,조던,117,0.30492572322126665
2025,BRAND,조셉앤스테이시,155,0.4039614281991139
2025,BRAND,주앙옴므,243,0.6333072713057075
2025,BRAND,지샥,30,0.07818608287724785
2025,BRAND,지오다노,41,0.10685431326557206
2025,BRAND,챔피온,90,0.23455824863174357
2025,BRAND,카시오,88,0.22934584310659367
2025,BRAND,칼하트wip,93,0.24237685691946834
2025,BRAND,캐피탈,542,1.412561897315611
2025,BRAND,캡틴선샤인,195,0.508209538702111
2025,BRAND,컨버스,388,1.0112066718790722
2025,BRAND,코스,350,0.9121709669012249
2025,BRAND,쿠어,99,0.2580140734949179
2025,BRAND,크롬하츠,211,0.5499087829033099
2025,BRAND,클락스,156,0.40656763096168885
2025,BRAND,키뮤어,2,0.005212405525149857
2025,BRAND,키스,118,0.30753192598384155
2025,BRAND,키코,98,0.255407870732343
2025,BRAND,킨치,253,0.6593692989314569
2025,BRAND,테켓,22,0.05733646077664842
2025,BRAND,토니웩,93,0.24237685691946834
2025,BRAND,토피,7,0.018243419338024498
2025,BRAND,톰브라운,73,0.19025280166796976
2025,BRAND,팀버랜드,379,0.9877508470158978
2025,BRAND,파라부트,335,0.8730779254626011
2025,BRAND,파르티멘토,26,0.06776127182694813
2025,BRAND,파타고니아,181,0.47172270002606204
2025,BRAND,팔라스,80,0.20849622100599427
2025,BRAND,페몬트,67,0.1746155850925202
2025,BRAND,페이탈리즘,9,0.023455824863174355
2025,BRAND,포터,793,2.066718790721918
2025,BRAND,포터리,144,0.3752931978107897
2025,BRAND,포트너스,14,0.036486838676048995
2025,BRAND,폴로,2721,7.09147771696638
2025,BRAND,푸마,71,0.1850403961428199
2025,BRAND,프라다,157,0.40917383372426375
2025,BRAND,프라이탁,25,0.06515506906437321
2025,BRAND,프로젝트지알,19,0.04951785248892363
2025,BRAND,프리즘웍스,52,0.13552254365389627
2025,BRAND,플랙,46,0.11988532707844671
2025,BRAND,해칭룸,208,0.5420901746155851
2025,BRAND,헤리티지플로스,152,0.39614281991138905
2025,BRAND,헤지스,44,0.11467292155329684
2025,BRAND,호카,124,0.32316914255929113
2025,BRAND,휴먼메이드,129,0.3362001563721657
2022,ITEM,acc,51,0.027915530887713882
2022,ITEM,bottom,92,0.05035742826803288
2022,ITEM,outer,43,0.02353662408179798
2022,ITEM,가디건,2533,1.3864713674231228
2022,ITEM,가방,7807,4.273265679223182
2022,ITEM,가젤,112,0.06130469528282265
2022,ITEM,구두,421,0.2304399706613244
2022,ITEM,긴팔티,675,0.3694702617491543
2022,ITEM,나이키덩크,1826,0.9994854784503049
2022,ITEM,나이키덩크범고래,788,0.4313223203827165
2022,ITEM,넥타이,144,0.07882032250648625
2022,ITEM,눕시,252,0.13793556438635093
2022,ITEM,니트,5982,3.2743275641236163
2022,ITEM,더비,1609,0.880707631339836
2022,ITEM,더플백,222,0.1215146638641663
2022,ITEM,데님,5139,2.812900259450228
2022,ITEM,독일군스니커즈,1122,0.6141416795297054
2022,ITEM,럭비,95,0.05199951832025135
2022,ITEM,로퍼,406,0.22222952040023206
2022,ITEM,마원,946,0.5178057297995555
2022,ITEM,맨투맨,1979,1.0832320711134464
2022,ITEM,머플러,753,0.4121646031068344
2022,ITEM,모자,3711,2.0312653945942394
2022,ITEM,모크넥,150,0.08210450261092318
2022,ITEM,목걸이,597,0.32677592039147424
2022,ITEM,목도리,201,0.11002003349863707
2022,ITEM,무스탕,333,0.18227199579624948
2022,ITEM,바람막이,1322,0.723614349677603
2022,ITEM,바시티,979,0.5358687203739587
2022,ITEM,바지,17521,9.590353268306567
2022,ITEM,반바지,1402,0.767403417736762
2022,ITEM,반지,452,0.24740823453424854
2022,ITEM,반팔티,5129,2.8074266259428335
2022,ITEM,버뮤다,545,0.2983130261530209
2022,ITEM,베스트,993,0.5435318072843115
2022,ITEM,벨트,1403,0.7679507810875015
2022,ITEM,봄버,268,0.14669337799818274
2022,ITEM,부츠,1872,1.0246641925843214
2022,ITEM,블랙잭,6,0.0032841801044369272
2022,ITEM,블레이저,1907,1.0438219098602035
2022,ITEM,비니,459,0.25123977798942493
2022,ITEM,삭스,201,0.11002003349863707
2022,ITEM,삼바,475,0.25999759160125674
2022,ITEM,상의,4197,2.2972839830536307
2022,ITEM,샌들,570,0.3119971099215081
2022,ITEM,선글라스,627,0.34319682091365894
2022,ITEM,셋업,854,0.46744830153152267
2022,ITEM,셔츠,6333,3.466452100233177
2022,ITEM,숄더백,157,0.0859360460660996
2022,ITEM,수트,304,0.16639845862480432
2022,ITEM,슈트,103,0.05637842512616725
2022,ITEM,스니커즈,925,0.5063110994340263
2022,ITEM,스웨터,152,0.08319922931240216
2022,ITEM,스웻,1006,0.5506475308439248
2022,ITEM,스웻셔츠,120,0.06568360208873855
2022,ITEM,스카프,74,0.0405048879547221
2022,ITEM,스트랩,158,0.08648340941683909
2022,ITEM,슬랙스,2533,1.3864713674231228
2022,ITEM,슬리퍼,787,0.43077495703197693
2022,ITEM,슬립온,316,0.17296681883367818
2022,ITEM,시계,588,0.3218496502348189
2022,ITEM,신발,12363,6.767053105192289
2022,ITEM,아디다스슈퍼스타,736,0.40285942614426307
2022,ITEM,아우터,17476,9.56572191752329
2022,ITEM,아워레거시,160,0.08757813611831806
2022,ITEM,아이템,3874,2.120485620764776
2022,ITEM,아크테릭스베타,126,0.06896778219317547
2022,ITEM,아톰,101,0.05528369842468828
2022,ITEM,악세사리,589,0.3223970135855584
2022,ITEM,안경,1283,0.7022671789987629
2022,ITEM,양말,554,0.3032392963096763
2022,ITEM,에어,545,0.2983130261530209
2022,ITEM,에어포스,5525,3.0241825128356705
2022,ITEM,오니츠카,45,0.024631350783276957
2022,ITEM,옥스포드,215,0.1176831204089899
2022,ITEM,왈라비,432,0.23646096751945875
2022,ITEM,운동화,451,0.24686087118350902
2022,ITEM,워치,1550,0.8484131936462063
2022,ITEM,워커,530,0.29010257589192856
2022,ITEM,이너,1461,0.7996978554303918
2022,ITEM,자켓,6673,3.6525556394846026
2022,ITEM,장갑,277,0.15161964815483814
2022,ITEM,점퍼,268,0.14669337799818274
2022,ITEM,정장,272,0.14888283140114073
2022,ITEM,젤카야노,202,0.11056739684937655
2022,ITEM,조거,419,0.2293452439598454
2022,ITEM,조끼,263,0.1439565612444853
2022,ITEM,지갑,693,0.3793228020624651
2022,ITEM,진,1743,0.9540543203389275
2022,ITEM,쪼리,358,0.19595607956473665
2022,ITEM,청바지,1760,0.9633594973014987
2022,ITEM,체인,113,0.061852058633562135
2022,ITEM,첼시부츠,1315,0.7197828062224265
2022,ITEM,치노,777,0.4253013235245821
2022,ITEM,카라,1041,0.5698052481198068
2022,ITEM,카펜터,47,0.02572607748475593
2022,ITEM,캔버스,117,0.06404151203652009
2022,ITEM,캡,2054,1.124284322418908
2022,ITEM,케이스,438,0.23974514762389568
2022,ITEM,코치자켓,70,0.03831543455176416
2022,ITEM,코트,5581,3.054834860477082
2022,ITEM,크로스백,548,0.29995511620523935
2022,ITEM,타이,273,0.14943019475188019
2022,ITEM,터틀넥,146,0.07991504920796523
2022,ITEM,토트백,271,0.1483354680504012
2022,ITEM,트랙,186,0.10180958323754476
2022,ITEM,트러커자켓,278,0.15216701150557763
2022,ITEM,티,3741,2.0476862951164243
2022,ITEM,티셔츠,1630,0.8922022617053653
2022,ITEM,파카,388,0.21237698008692132
2022,ITEM,팔찌,690,0.3776807120102466
2022,ITEM,패딩,3323,1.818888414507318
2022,ITEM,퍼티그,338,0.18500881254994692
2022,ITEM,플리스,102,0.055831061775427765
2022,ITEM,피코트,77,0.04214697800694057
2022,ITEM,해링턴,155,0.08484131936462062
2022,ITEM,향수,387,0.2118296167361818
2022,ITEM,헤드셋,425,0.23262942406428233
2022,ITEM,헨리넥,90,0.049262701566553914
2022,ITEM,후드티,4233,2.316989063680252
2022,ITEM,후리스,189,0.10345167328976322
2023,ITEM,acc,151,0.09723805292068337
2023,ITEM,bottom,209,0.13458776861207167
2023,ITEM,outer,164,0.10560954092047731
2023,ITEM,가디건,1678,1.080565912588786
2023,ITEM,가방,7573,4.87671374018765
2023,ITEM,가젤,504,0.3245561501458571
2023,ITEM,구두,413,0.26595573414729956
2023,ITEM,긴팔티,542,0.3490266535298701
2023,ITEM,나이키덩크,720,0.4636516430655101
2023,ITEM,나이키덩크범고래,256,0.1648539175344036
2023,ITEM,넥타이,137,0.08822260430552067
2023,ITEM,눕시,264,0.17000560245735372
2023,ITEM,니트,4420,2.846305919929937
2023,ITEM,더비,1204,0.7753285809039919
2023,ITEM,더플백,137,0.08822260430552067
2023,ITEM,데님,4559,2.9358164454661955
2023,ITEM,독일군스니커즈,579,0.3728531962985144
2023,ITEM,럭비,114,0.0734115101520391
2023,ITEM,로퍼,282,0.18159689353399144
2023,ITEM,마원,714,0.45978787937329746
2023,ITEM,맨투맨,1412,0.9092723889006948
2023,ITEM,머플러,855,0.5505863261402932
2023,ITEM,모자,3676,2.367199222095577
2023,ITEM,모크넥,144,0.09273032861310203
2023,ITEM,목걸이,885,0.5699051446013562
2023,ITEM,목도리,225,0.1448911384579719
2023,ITEM,무스탕,296,0.19061234214915415
2023,ITEM,바람막이,1245,0.8017309661341112
2023,ITEM,바시티,763,0.491341949526367
2023,ITEM,바지,16846,10.848160526502198
2023,ITEM,반바지,919,0.5917998055238942
2023,ITEM,반지,434,0.27947890707004364
2023,ITEM,반팔티,3066,1.9743832467206304
2023,ITEM,버뮤다,317,0.2041355150718982
2023,ITEM,베스트,728,0.4688033279884602
2023,ITEM,벨트,1069,0.6883938978292088
2023,ITEM,봄버,447,0.2878503950698375
2023,ITEM,부츠,1365,0.8790062399783629
2023,ITEM,블랙잭,15,0.009659409230531461
2023,ITEM,블레이저,987,0.6355891273689701
2023,ITEM,비니,522,0.33614744122249485
2023,ITEM,삭스,126,0.08113903753646427
2023,ITEM,삼바,972,0.6259297181384387
2023,ITEM,상의,5886,3.7903521820605452
2023,ITEM,샌들,261,0.16807372061124742
2023,ITEM,선글라스,609,0.39217201475957736
2023,ITEM,셋업,550,0.35417833845282026
2023,ITEM,셔츠,5436,3.5005699051446015
2023,ITEM,숄더백,154,0.09916993476678966
2023,ITEM,수트,221,0.14231529599649687
2023,ITEM,슈트,404,0.2601600886089807
2023,ITEM,스니커즈,653,0.42050628183580296
2023,ITEM,스웨터,105,0.06761586461372023
2023,ITEM,스웻,518,0.33357159876101977
2023,ITEM,스웻셔츠,91,0.058600415998557524
2023,ITEM,스카프,110,0.07083566769056404
2023,ITEM,스트랩,126,0.08113903753646427
2023,ITEM,슬랙스,1284,0.8268454301334931
2023,ITEM,슬리퍼,446,0.28720643445446875
2023,ITEM,슬립온,205,0.13201192615059662
2023,ITEM,시계,464,0.2987977255311065
2023,ITEM,신발,13215,8.509939532098217
2023,ITEM,아디다스슈퍼스타,582,0.3747850781446207
2023,ITEM,아우터,13460,8.667709882863564
2023,ITEM,아워레거시,321,0.20671135753337327
2023,ITEM,아이템,1786,1.1501136590486125
2023,ITEM,아크테릭스베타,159,0.10238973784363348
2023,ITEM,아톰,141,0.09079844676699572
2023,ITEM,악세사리,1091,0.7025610313673216
2023,ITEM,안경,1289,0.8300652332103368
2023,ITEM,양말,475,0.3058812923001629
2023,ITEM,에어,487,0.3136088196845881
2023,ITEM,에어포스,4007,2.5803501857826374
2023,ITEM,오니츠카,439,0.2826987101468874
2023,ITEM,옥스포드,154,0.09916993476678966
2023,ITEM,왈라비,431,0.2775470252239373
2023,ITEM,운동화,432,0.27819098583930607
2023,ITEM,워치,504,0.3245561501458571
2023,ITEM,워커,338,0.21765868799464225
2023,ITEM,이너,1316,0.8474521698252935
2023,ITEM,자켓,6977,4.492913213427867
2023,ITEM,장갑,283,0.18224085414936023
2023,ITEM,점퍼,296,0.19061234214915415
2023,ITEM,정장,254,0.16356599630366606
2023,ITEM,젤카야노,286,0.18417273599546652
2023,ITEM,조거,206,0.1326558867659654
2023,ITEM,조끼,292,0.1880364996876791
2023,ITEM,지갑,576,0.3709213144524081
2023,ITEM,진,1042,0.6710069612142522
2023,ITEM,쪼리,112,0.07212358892130157
2023,ITEM,청바지,1218,0.7843440295191547
2023,ITEM,체인,215,0.13845153230428428
2023,ITEM,첼시부츠,676,0.4353173759892845
2023,ITEM,치노,675,0.43467341537391574
2023,ITEM,카라,670,0.43145361229707196
2023,ITEM,카펜터,106,0.06825982522908898
2023,ITEM,캔버스,107,0.06890378584445775
2023,ITEM,캡,1532,0.9865476627449465
2023,ITEM,케이스,358,0.23053790030201754
2023,ITEM,코치자켓,92,0.05924437661392629
2023,ITEM,코트,4095,2.6370187199350887
2023,ITEM,크로스백,380,0.24470503384013031
2023,ITEM,타이,412,0.2653117735319308
2023,ITEM,터틀넥,131,0.08435884061330809
2023,ITEM,토트백,188,0.12106459568932765
2023,ITEM,트랙,388,0.24985671876308047
2023,ITEM,트러커자켓,286,0.18417273599546652
2023,ITEM,티,2451,1.5783474682688408
2023,ITEM,티셔츠,1347,0.8674149489017251
2023,ITEM,파카,401,0.2582282067628744
2023,ITEM,팔찌,559,0.3599739839911391
2023,ITEM,패딩,3553,2.2879920664052187
2023,ITEM,퍼티그,245,0.1577703507653472
2023,ITEM,플리스,122,0.07856319507498921
2023,ITEM,피코트,86,0.05538061292171371
2023,ITEM,해링턴,299,0.19254422399526044
2023,ITEM,향수,294,0.18932442091841664
2023,ITEM,헤드셋,227,0.14617905968870942
2023,ITEM,헨리넥,85,0.05473665230634494
2023,ITEM,후드티,3547,2.2841283027130057
2023,ITEM,후리스,136,0.0875786436901519
2024,ITEM,acc,207,0.14963242469585583
2024,ITEM,bottom,178,0.12866942799933495
2024,ITEM,outer,166,0.11999508453870564
2024,ITEM,가디건,1334,0.9642978480399599
2024,ITEM,가방,5904,4.267776982629627
2024,ITEM,가젤,197,0.14240380514533138
2024,ITEM,구두,611,0.44166865453704307
2024,ITEM,긴팔티,552,0.3990197991889489
2024,ITEM,나이키덩크,176,0.1272237040892301
2024,ITEM,나이키덩크범고래,36,0.026023030381887968
2024,ITEM,넥타이,248,0.17926976485300603
2024,ITEM,눕시,195,0.1409580812352265
2024,ITEM,니트,3409,2.4642364047737804
2024,ITEM,더비,905,0.6541900693224615
2024,ITEM,더플백,124,0.08963488242650301
2024,ITEM,데님,5660,4.091398665596831
2024,ITEM,독일군스니커즈,185,0.13372946168470207
2024,ITEM,럭비,170,0.12288653235891542
2024,ITEM,로퍼,454,0.3281793275938094
2024,ITEM,마원,810,0.5855181835924793
2024,ITEM,맨투맨,799,0.5775667020869024
2024,ITEM,머플러,508,0.3672138731666414
2024,ITEM,모자,3300,2.385444451673064
2024,ITEM,모크넥,95,0.06867188572998215
2024,ITEM,목걸이,615,0.4445601023572528
2024,ITEM,목도리,174,0.1257779801791252
2024,ITEM,무스탕,299,0.21613572456068067
2024,ITEM,바람막이,619,0.44745155017746263
2024,ITEM,바시티,259,0.1872212463585829
2024,ITEM,바지,14733,10.649925183787651
2024,ITEM,반바지,1192,0.8616514504225128
2024,ITEM,반지,318,0.2298701017066771
2024,ITEM,반팔티,2529,1.8281178843276298
2024,ITEM,버뮤다,529,0.3823939742227427
2024,ITEM,베스트,887,0.6411785541315175
2024,ITEM,벨트,1355,0.9794779490960611
2024,ITEM,봄버,245,0.1771011789878487
2024,ITEM,부츠,1545,1.1168217205560254
2024,ITEM,블랙잭,213,0.1539695964261705
2024,ITEM,블레이저,644,0.46552309905377365
2024,ITEM,비니,469,0.3390222569195961
2024,ITEM,삭스,81,0.058551818359247935
2024,ITEM,삼바,396,0.2862533342007677
2024,ITEM,상의,3542,2.5603770447957555
2024,ITEM,샌들,246,0.17782404094290113
2024,ITEM,선글라스,720,0.5204606076377594
2024,ITEM,셋업,738,0.5334721228287034
2024,ITEM,셔츠,8156,5.89566210540773
2024,ITEM,숄더백,135,0.09758636393207988
2024,ITEM,수트,261,0.18866697026868778
2024,ITEM,슈트,238,0.17204114530248157
2024,ITEM,스니커즈,422,0.3050477450321312
2024,ITEM,스웨터,224,0.16192107793174737
2024,ITEM,스웻,743,0.5370864326039657
2024,ITEM,스웻셔츠,204,0.1474638388306985
2024,ITEM,스카프,293,0.21179855283036597
2024,ITEM,스트랩,134,0.09686350197702744
2024,ITEM,슬랙스,653,0.47202885664924565
2024,ITEM,슬리퍼,360,0.2602303038188797
2024,ITEM,슬립온,141,0.10192353566239455
2024,ITEM,시계,732,0.5291349510983887
2024,ITEM,신발,9136,6.604066821359125
2024,ITEM,아디다스슈퍼스타,160,0.11565791280839098
2024,ITEM,아우터,8644,6.248418739473323
2024,ITEM,아워레거시,86,0.062166128134510154
2024,ITEM,아이템,1267,0.9158660970514462
2024,ITEM,아크테릭스베타,90,0.06505757595471992
2024,ITEM,아톰,136,0.09830922588713234
2024,ITEM,악세사리,545,0.39395976550358175
2024,ITEM,안경,1285,0.9288776122423901
2024,ITEM,양말,644,0.46552309905377365
2024,ITEM,에어,299,0.21613572456068067
2024,ITEM,에어포스,1735,1.2541654920159897
2024,ITEM,오니츠카,231,0.16698111161711449
2024,ITEM,옥스포드,228,0.16481252575195715
2024,ITEM,왈라비,363,0.2623988896840371
2024,ITEM,운동화,438,0.3166135363129703
2024,ITEM,워치,256,0.18505266049342559
2024,ITEM,워커,229,0.1655353877070096
2024,ITEM,이너,1306,0.9440577132984913
2024,ITEM,자켓,11380,8.226169048496809
2024,ITEM,장갑,211,0.1525238725160656
2024,ITEM,점퍼,233,0.16842683552721938
2024,ITEM,정장,378,0.2732418190098237
2024,ITEM,젤카야노,193,0.13951235732512163
2024,ITEM,조거,86,0.062166128134510154
2024,ITEM,조끼,281,0.20312420936973666
2024,ITEM,지갑,558,0.4033569709192636
2024,ITEM,진,1029,0.7438249517489645
2024,ITEM,쪼리,89,0.06433471399966748
2024,ITEM,청바지,960,0.6939474768503459
2024,ITEM,체인,206,0.1489095627408034
2024,ITEM,첼시부츠,380,0.2746875429199286
2024,ITEM,치노,1535,1.1095931010055011
2024,ITEM,카라,690,0.4987747489861861
2024,ITEM,카펜터,204,0.1474638388306985
2024,ITEM,캔버스,188,0.1358980475498594
2024,ITEM,캡,1290,0.9324919220176522
2024,ITEM,케이스,195,0.1409580812352265
2024,ITEM,코치자켓,177,0.12794656604428253
2024,ITEM,코트,3197,2.3109896703026624
2024,ITEM,크로스백,269,0.19444986590910734
2024,ITEM,타이,585,0.4228742437056795
2024,ITEM,터틀넥,99,0.07156333355019193
2024,ITEM,토트백,242,0.17493259312269135
2024,ITEM,트랙,309,0.2233643441112051
2024,ITEM,트러커자켓,390,0.281916162470453
2024,ITEM,티,2589,1.8714896016307765
2024,ITEM,티셔츠,2136,1.5440331359920196
2024,ITEM,파카,636,0.4597402034133542
2024,ITEM,팔찌,481,0.3476966003802254
2024,ITEM,패딩,3566,2.5777257317170137
2024,ITEM,퍼티그,854,0.6173241096147869
2024,ITEM,플리스,181,0.13083801386449231
2024,ITEM,피코트,270,0.19517272786415976
2024,ITEM,해링턴,152,0.10987501716797143
2024,ITEM,향수,206,0.1489095627408034
2024,ITEM,헤드셋,94,0.0679490237749297
2024,ITEM,헨리넥,546,0.3946826274586342
2024,ITEM,후드티,2741,1.9813646187987481
2024,ITEM,후리스,188,0.1358980475498594
2025,ITEM,acc,146,0.21832755114248115
2025,ITEM,bottom,42,0.06280655580811102
2025,ITEM,outer,47,0.07028352673764804
2025,ITEM,가디건,376,0.5622682139011843
2025,ITEM,가방,2713,4.05700442636679
2025,ITEM,가젤,24,0.035889460461777725
2025,ITEM,구두,557,0.8329345615504247
2025,ITEM,긴팔티,252,0.3768393348486661
2025,ITEM,나이키덩크,52,0.07776049766718507
2025,ITEM,나이키덩크범고래,1,0.0014953941859074053
2025,ITEM,넥타이,99,0.1480440244048331
2025,ITEM,눕시,7,0.010467759301351836
2025,ITEM,니트,934,1.3966981696375165
2025,ITEM,더비,444,0.6639550185428879
2025,ITEM,더플백,31,0.04635721976312956
2025,ITEM,데님,3857,5.767735375044862
2025,ITEM,독일군스니커즈,63,0.09420983371216653
2025,ITEM,럭비,114,0.1704749371934442
2025,ITEM,로퍼,442,0.6609642301710731
2025,ITEM,마원,204,0.30506041392511063
2025,ITEM,맨투맨,241,0.36038999880368466
2025,ITEM,머플러,55,0.08224668022490729
2025,ITEM,모자,1317,1.9694341428400528
2025,ITEM,모크넥,11,0.016449336044981458
2025,ITEM,목걸이,265,0.3962794592654624
2025,ITEM,목도리,14,0.020935518602703672
2025,ITEM,무스탕,27,0.04037564301949994
2025,ITEM,바람막이,343,0.51292020576624
2025,ITEM,바시티,55,0.08224668022490729
2025,ITEM,바지,7278,10.883478885034096
2025,ITEM,반바지,987,1.475954061490609
2025,ITEM,반지,196,0.29309726043785145
2025,ITEM,반팔티,2023,3.0251824380906807
2025,ITEM,버뮤다,236,0.35291302787414763
2025,ITEM,베스트,349,0.5218925708816844
2025,ITEM,벨트,1102,1.6479243928699605
2025,ITEM,봄버,60,0.0897236511544443
2025,ITEM,부츠,952,1.4236152649838498
2025,ITEM,블랙잭,461,0.6893767197033138
2025,ITEM,블레이저,283,0.4231965546117956
2025,ITEM,비니,84,0.12561311161622205
2025,ITEM,삭스,49,0.07327431510946286
2025,ITEM,삼바,73,0.10916377557124057
2025,ITEM,상의,1327,1.9843880846991266
2025,ITEM,샌들,181,0.27066634764924036
2025,ITEM,선글라스,428,0.6400287115683695
2025,ITEM,셋업,404,0.6041392511065916
2025,ITEM,셔츠,4854,7.258643378394544
2025,ITEM,숄더백,82,0.12262232324440722
2025,ITEM,수트,150,0.2243091278861108
2025,ITEM,슈트,72,0.10766838138533316
2025,ITEM,스니커즈,216,0.3230051441559995
2025,ITEM,스웨터,36,0.05383419069266658
2025,ITEM,스웻,251,0.3753439406627587
2025,ITEM,스웻셔츠,94,0.14056705347529608
2025,ITEM,스카프,184,0.27515253020696256
2025,ITEM,스트랩,98,0.14654863021892572
2025,ITEM,슬랙스,295,0.4411412848426845
2025,ITEM,슬리퍼,292,0.4366551022849623
2025,ITEM,슬립온,134,0.2003828209115923
2025,ITEM,시계,580,0.8673286278262949
2025,ITEM,신발,3871,5.7886708936475655
2025,ITEM,아디다스슈퍼스타,33,0.04934800813494437
2025,ITEM,아우터,1876,2.805359492762292
2025,ITEM,아워레거시,21,0.03140327790405551
2025,ITEM,아이템,549,0.8209714080631654
2025,ITEM,아크테릭스베타,54,0.08075128603899988
2025,ITEM,아톰,80,0.11963153487259241
2025,ITEM,악세사리,203,0.30356501973920325
2025,ITEM,안경,775,1.158930494078239
2025,ITEM,양말,396,0.5921760976193324
2025,ITEM,에어,174,0.2601985883478885
2025,ITEM,에어포스,330,0.4934800813494437
2025,ITEM,오니츠카,58,0.0867328627826295
2025,ITEM,옥스포드,133,0.19888742672568488
2025,ITEM,왈라비,64,0.09570522789807394
2025,ITEM,운동화,380,0.568249790644814
2025,ITEM,워치,132,0.19739203253977747
2025,ITEM,워커,59,0.08822825696853691
2025,ITEM,이너,543,0.811999042947721
2025,ITEM,자켓,6580,9.839693743270725
2025,ITEM,장갑,15,0.022430912788611077
2025,ITEM,점퍼,74,0.11065916975714798
2025,ITEM,정장,369,0.5518004545998325
2025,ITEM,젤카야노,98,0.14654863021892572
2025,ITEM,조거,27,0.04037564301949994
2025,ITEM,조끼,65,0.09720062208398134
2025,ITEM,지갑,320,0.47852613949036965
2025,ITEM,진,642,0.9600430673525541
2025,ITEM,쪼리,85,0.12710850580212946
2025,ITEM,청바지,818,1.2232324440722575
2025,ITEM,체인,147,0.21982294532838856
2025,ITEM,첼시부츠,133,0.19888742672568488
2025,ITEM,치노,1374,2.054671611436775
2025,ITEM,카라,376,0.5622682139011843
2025,ITEM,카펜터,70,0.10467759301351837
2025,ITEM,캔버스,80,0.11963153487259241
2025,ITEM,캡,507,0.7581648522550545
2025,ITEM,케이스,140,0.20935518602703673
2025,ITEM,코치자켓,67,0.10019141045579615
2025,ITEM,코트,723,1.081169996411054
2025,ITEM,크로스백,136,0.20337360928340711
2025,ITEM,타이,212,0.3170235674123699
2025,ITEM,터틀넥,11,0.016449336044981458
2025,ITEM,토트백,223,0.33347290345735137
2025,ITEM,트랙,137,0.20486900346931453
2025,ITEM,트러커자켓,236,0.35291302787414763
2025,ITEM,티,1799,2.690214140447422
2025,ITEM,티셔츠,1981,2.9623758822825694
2025,ITEM,파카,185,0.27664792439287
2025,ITEM,팔찌,210,0.3140327790405551
2025,ITEM,패딩,342,0.5114248115803326
2025,ITEM,퍼티그,772,1.1544443115205167
2025,ITEM,플리스,62,0.09271443952625912
2025,ITEM,피코트,51,0.07626510348127766
2025,ITEM,해링턴,46,0.06878813255174064
2025,ITEM,향수,118,0.17645651393707382
2025,ITEM,헤드셋,26,0.038880248833592534
2025,ITEM,헨리넥,523,0.782091159229573
2025,ITEM,후드티,790,1.18136140686685
2025,ITEM,후리스,27,0.04037564301949994
2022,STYLE,aw,43,0.04054882361261728
2022,STYLE,fw,615,0.579942477250224
2022,STYLE,ss,483,0.45546701871846856
2022,STYLE,가죽,1576,1.4861615351973219
2022,STYLE,감성,1045,0.9854307133763969
2022,STYLE,고급,387,0.3649394125135556
2022,STYLE,고아캐,137,0.1291904380215946
2022,STYLE,고어텍스,118,0.11127351596020557
2022,STYLE,고프코어,645,0.6082323541892592
2022,STYLE,골드,152,0.14333537649111225
2022,STYLE,구제,169,0.1593663067565656
2022,STYLE,그레이,4792,4.518836343061908
2022,STYLE,그린,2263,2.1339997171012306
2022,STYLE,기모,100,0.09429958979678438
2022,STYLE,깔끔,1757,1.6568437927295017
2022,STYLE,꾸안꾸,351,0.33099156018671316
2022,STYLE,나일론,1343,1.2664434909708142
2022,STYLE,네이비,2491,2.349002781837899
2022,STYLE,넥라인,164,0.1546513272667264
2022,STYLE,다크,750,0.7072469234758829
2022,STYLE,댄디,193,0.18199820830779387
2022,STYLE,두툼,62,0.05846574567400632
2022,STYLE,따뜻,588,0.5544815880050922
2022,STYLE,라운드,302,0.2847847611862888
2022,STYLE,라이더,254,0.23952095808383234
2022,STYLE,라이트,523,0.49318685463718237
2022,STYLE,라인,1081,1.0193785657032393
2022,STYLE,락시크,146,0.1376774011033052
2022,STYLE,러너,652,0.6148333254750342
2022,STYLE,러닝,65,0.06129473336790985
2022,STYLE,러프,205,0.193314159083408
2022,STYLE,런닝,122,0.11504549955207695
2022,STYLE,레귤러,325,0.30647366683954924
2022,STYLE,레더,677,0.6384082229242303
2022,STYLE,레드,969,0.9137630251308407
2022,STYLE,레이어드,1078,1.0165495780093357
2022,STYLE,레트로,231,0.2178320524305719
2022,STYLE,로우,1812,1.7087085671177331
2022,STYLE,롱,964,0.9090480456410015
2022,STYLE,루즈,294,0.2772407940025461
2022,STYLE,리브,478,0.4507520392286294
2022,STYLE,립,108,0.10184355698052713
2022,STYLE,메이드,206,0.19425715498137583
2022,STYLE,모던,53,0.04997878259229572
2022,STYLE,모카,248,0.2338629826960253
2022,STYLE,무난,1584,1.4937055023810646
2022,STYLE,무지,308,0.2904427365740959
2022,STYLE,무채색,403,0.38002734688104106
2022,STYLE,미니멀,2191,2.066104012447546
2022,STYLE,버건디,174,0.16408128624640483
2022,STYLE,범용,375,0.35362346173794146
2022,STYLE,베이지,1403,1.3230232448488848
2022,STYLE,베이직,159,0.14993634777688716
2022,STYLE,보세,8911,8.403036446791457
2022,STYLE,브라운,2231,2.1038238483662597
2022,STYLE,블랙,9214,8.688764203875714
2022,STYLE,블루,3820,3.6022443302371636
2022,STYLE,빈티지,1792,1.689848649158376
2022,STYLE,선선,149,0.14050638879720873
2022,STYLE,세미,1042,0.9826017256824933
2022,STYLE,숏,920,0.8675562261304164
2022,STYLE,스몰,118,0.11127351596020557
2022,STYLE,스웨이드,531,0.500730821820925
2022,STYLE,스퀘어,513,0.4837568956575039
2022,STYLE,스탠다드,1527,1.4399547361968976
2022,STYLE,스트라이프,559,0.5271347069640246
2022,STYLE,스트레이트,324,0.30553067094158143
2022,STYLE,스트릿,1547,1.4588146541562546
2022,STYLE,스티치,235,0.2216040360224433
2022,STYLE,스파,624,0.5884294403319346
2022,STYLE,스포츠,227,0.21406006883870057
2022,STYLE,슬릭,230,0.2168890565326041
2022,STYLE,슬림,321,0.3027016832476779
2022,STYLE,시원,462,0.4356641048611438
2022,STYLE,시크,186,0.17539723702201895
2022,STYLE,실루엣,956,0.9015040784572588
2022,STYLE,실버,453,0.4271771417794333
2022,STYLE,실크,42,0.03960582771464944
2022,STYLE,심플,255,0.24046395398180015
2022,STYLE,아메리칸,75,0.0707246923475883
2022,STYLE,아메카지,204,0.19237116318544015
2022,STYLE,아웃도어,144,0.13579140930736952
2022,STYLE,아이보리,661,0.6233202885567448
2022,STYLE,에이징,174,0.16408128624640483
2022,STYLE,에코,254,0.23952095808383234
2022,STYLE,오렌지,429,0.40454524022820504
2022,STYLE,오묘,74,0.06978169644962044
2022,STYLE,오버,1449,1.3664010561554059
2022,STYLE,오버핏,1089,1.026922532886982
2022,STYLE,오피스,418,0.3941722853505587
2022,STYLE,올드,214,0.20180112216511858
2022,STYLE,올드 스쿨,326,0.3074166627375171
2022,STYLE,올리브,324,0.30553067094158143
2022,STYLE,올백,414,0.39040030175868734
2022,STYLE,와이드,4371,4.121835070017445
2022,STYLE,와이드핏,232,0.21877504832853978
2022,STYLE,와일드,420,0.3960582771464944
2022,STYLE,워시,142,0.13390541751143384
2022,STYLE,워싱,379,0.3573954453298128
2022,STYLE,웨스턴,230,0.2168890565326041
2022,STYLE,유틸리티,142,0.13390541751143384
2022,STYLE,인디고,257,0.24234994577773586
2022,STYLE,정핏,209,0.19708614267527935
2022,STYLE,주름,304,0.2866707529822245
2022,STYLE,체크,404,0.38097034277900893
2022,STYLE,초겨울,82,0.0773256636333632
2022,STYLE,카고,232,0.21877504832853978
2022,STYLE,카모,73,0.0688387005516526
2022,STYLE,카키,861,0.8119194681503135
2022,STYLE,캐시미어,409,0.3856853222688481
2022,STYLE,캐주얼,2871,2.7073412230656797
2022,STYLE,캐트릿,210,0.1980291385732472
2022,STYLE,코듀로이,354,0.3338205478806167
2022,STYLE,코튼,639,0.6025743788014521
2022,STYLE,크롭,513,0.4837568956575039
2022,STYLE,클래식,589,0.55542458390306
2022,STYLE,탄탄,185,0.1744542411240511
2022,STYLE,테일러드,378,0.35645244943184495
2022,STYLE,트렌디,122,0.11504549955207695
2022,STYLE,퍼플,329,0.3102456504314206
2022,STYLE,펑크,243,0.22914800320618603
2022,STYLE,편안,364,0.3432505068602952
2022,STYLE,포멀,208,0.19614314677731148
2022,STYLE,프렌치,76,0.07166768824555612
2022,STYLE,프린팅,724,0.682729030128719
2022,STYLE,플레어,191,0.1801122165118582
2022,STYLE,플로어,353,0.33287755198264884
2022,STYLE,플리츠,178,0.1678532698382762
2022,STYLE,핏더사이즈,1774,1.6728747229949552
2022,STYLE,핏이,230,0.2168890565326041
2022,STYLE,핑크,855,0.8062614927625065
2022,STYLE,헤비,284,0.2678108350228677
2022,STYLE,화이트,2938,2.770521948229525
2022,STYLE,흰색,1121,1.057098401621953
2022,STYLE,힙,517,0.4875288792493752
2023,STYLE,aw,57,0.06852196910500691
2023,STYLE,fw,1101,1.323555929554607
2023,STYLE,ss,1164,1.3992907375127728
2023,STYLE,가죽,1205,1.4485784696760233
2023,STYLE,감성,643,0.7729758970968323
2023,STYLE,고급,314,0.3774718999819679
2023,STYLE,고아캐,158,0.18993808979984372
2023,STYLE,고어텍스,272,0.32698202800985754
2023,STYLE,고프코어,1312,1.5772074292240188
2023,STYLE,골드,125,0.15026747610747132
2023,STYLE,구제,89,0.10699044298851956
2023,STYLE,그레이,3357,4.035583338342249
2023,STYLE,그린,1308,1.5723988699885796
2023,STYLE,기모,141,0.16950171304922762
2023,STYLE,깔끔,1280,1.5387389553405062
2023,STYLE,꾸안꾸,243,0.2921199735529242
2023,STYLE,나일론,891,1.0711065696940554
2023,STYLE,네이비,1860,2.235980044479173
2023,STYLE,넥라인,121,0.14545891687203222
2023,STYLE,다크,489,0.5878463665324277
2023,STYLE,댄디,107,0.12862895954799544
2023,STYLE,두툼,77,0.09256476528220232
2023,STYLE,따뜻,787,0.9460840295726393
2023,STYLE,라운드,218,0.26206647833142993
2023,STYLE,라이더,173,0.20797018693274028
2023,STYLE,라이트,318,0.382280459217407
2023,STYLE,라인,718,0.8631363827613151
2023,STYLE,락시크,111,0.13343751878343452
2023,STYLE,러너,300,0.3606419426579311
2023,STYLE,러닝,99,0.11901184107711726
2023,STYLE,러프,214,0.2572579190959909
2023,STYLE,런닝,59,0.07092624872272645
2023,STYLE,레귤러,225,0.27048145699344833
2023,STYLE,레더,511,0.6142934423273427
2023,STYLE,레드,691,0.8306786079221014
2023,STYLE,레이어드,857,1.0302338161928233
2023,STYLE,레트로,180,0.21638516559475868
2023,STYLE,로우,1020,1.2261826050369657
2023,STYLE,롱,728,0.8751577808499129
2023,STYLE,루즈,135,0.162288874196069
2023,STYLE,리브,437,0.5253350964717196
2023,STYLE,립,100,0.12021398088597704
2023,STYLE,메이드,185,0.2223958646390575
2023,STYLE,모던,44,0.0528941515898299
2023,STYLE,모카,146,0.17551241209352647
2023,STYLE,무난,992,1.1925226903888924
2023,STYLE,무지,160,0.19234236941756327
2023,STYLE,무채색,314,0.3774718999819679
2023,STYLE,미니멀,1964,2.361002584600589
2023,STYLE,버건디,250,0.30053495221494264
2023,STYLE,범용,256,0.30774779106810124
2023,STYLE,베이지,960,1.1540542165053795
2023,STYLE,베이직,119,0.14305463725431267
2023,STYLE,보세,5438,6.537236280579431
2023,STYLE,브라운,2155,2.590611288092805
2023,STYLE,블랙,7660,9.208390935865841
2023,STYLE,블루,3325,3.997114864458737
2023,STYLE,빈티지,2446,2.9404339724709985
2023,STYLE,선선,112,0.1346396585922943
2023,STYLE,세미,584,0.7020496483741059
2023,STYLE,숏,608,0.7309010037867404
2023,STYLE,스몰,123,0.14786319648975177
2023,STYLE,스웨이드,669,0.8042315321271865
2023,STYLE,스퀘어,217,0.2608643385225702
2023,STYLE,스탠다드,918,1.1035643445332692
2023,STYLE,스트라이프,329,0.39550399711486445
2023,STYLE,스트레이트,248,0.2981306725972231
2023,STYLE,스트릿,1322,1.5892288273126165
2023,STYLE,스티치,188,0.22600228406563683
2023,STYLE,스파,369,0.4435895894692553
2023,STYLE,스포츠,241,0.2897156939352047
2023,STYLE,슬릭,91,0.10939472260623911
2023,STYLE,슬림,330,0.39670613692372425
2023,STYLE,시원,259,0.3113542104946805
2023,STYLE,시크,117,0.14065035763659314
2023,STYLE,실루엣,429,0.5157179780008415
2023,STYLE,실버,407,0.4892709022059265
2023,STYLE,실크,35,0.04207489331009196
2023,STYLE,심플,177,0.21277874616817935
2023,STYLE,아메리칸,108,0.12983109935685522
2023,STYLE,아메카지,152,0.1827252509466851
2023,STYLE,아웃도어,117,0.14065035763659314
2023,STYLE,아이보리,391,0.4700366652641702
2023,STYLE,에이징,84,0.10097974394422073
2023,STYLE,에코,150,0.18032097132896555
2023,STYLE,오렌지,414,0.49768588086794496
2023,STYLE,오묘,71,0.0853519264290437
2023,STYLE,오버,905,1.087936527018092
2023,STYLE,오버핏,734,0.8823706197030715
2023,STYLE,오피스,592,0.7116667668449841
2023,STYLE,올드,309,0.37146120093766904
2023,STYLE,올드 스쿨,157,0.18873594999098395
2023,STYLE,올리브,511,0.6142934423273427
2023,STYLE,올백,260,0.3125563503035403
2023,STYLE,와이드,2600,3.1255635030354028
2023,STYLE,와이드핏,135,0.162288874196069
2023,STYLE,와일드,338,0.40632325539460235
2023,STYLE,워시,188,0.22600228406563683
2023,STYLE,워싱,552,0.6635811744905932
2023,STYLE,웨스턴,249,0.29933281240608284
2023,STYLE,유틸리티,189,0.2272044238744966
2023,STYLE,인디고,173,0.20797018693274028
2023,STYLE,정핏,229,0.27529001622888744
2023,STYLE,주름,223,0.2680771773757288
2023,STYLE,체크,658,0.7910079942297289
2023,STYLE,초겨울,89,0.10699044298851956
2023,STYLE,카고,603,0.7248903047424415
2023,STYLE,카모,277,0.3329927270541564
2023,STYLE,카키,666,0.8006251127006071
2023,STYLE,캐시미어,302,0.36304622227565064
2023,STYLE,캐주얼,2121,2.5497385345915733
2023,STYLE,캐트릿,220,0.2644707579491495
2023,STYLE,코듀로이,383,0.4604195467932921
2023,STYLE,코튼,414,0.49768588086794496
2023,STYLE,크롭,379,0.455610987557853
2023,STYLE,클래식,493,0.5926549257678668
2023,STYLE,탄탄,187,0.22480014425677705
2023,STYLE,테일러드,170,0.20436376750616095
2023,STYLE,트렌디,124,0.14906533629861154
2023,STYLE,퍼플,288,0.3462162649516139
2023,STYLE,펑크,120,0.14425677706317244
2023,STYLE,편안,221,0.26567289775800923
2023,STYLE,포멀,176,0.2115766063593196
2023,STYLE,프렌치,118,0.1418524974454529
2023,STYLE,프린팅,496,0.5962613451944462
2023,STYLE,플레어,220,0.2644707579491495
2023,STYLE,플로어,482,0.5794313878704094
2023,STYLE,플리츠,95,0.11420328184167819
2023,STYLE,핏더사이즈,1043,1.2538318206407404
2023,STYLE,핏이,195,0.23441726272765523
2023,STYLE,핑크,1112,1.3367794674520646
2023,STYLE,헤비,180,0.21638516559475868
2023,STYLE,화이트,1891,2.273246378553826
2023,STYLE,흰색,643,0.7729758970968323
2023,STYLE,힙,606,0.7284967241690209
2024,STYLE,aw,208,0.27617707199192715
2024,STYLE,fw,1104,1.4658629205725364
2024,STYLE,ss,862,1.1445415195050057
2024,STYLE,가죽,2069,2.747165201688929
2024,STYLE,감성,589,0.7820591125156015
2024,STYLE,고급,491,0.6519372228270972
2024,STYLE,고아캐,603,0.8006479538996734
2024,STYLE,고어텍스,231,0.3067158828371883
2024,STYLE,고프코어,406,0.5390764001380886
2024,STYLE,골드,142,0.18854396260987333
2024,STYLE,구제,106,0.1407440847651167
2024,STYLE,그레이,2255,2.9941312372201714
2024,STYLE,그린,798,1.059563958892105
2024,STYLE,기모,139,0.18456063945614362
2024,STYLE,깔끔,962,1.2773189579626631
2024,STYLE,꾸안꾸,119,0.15800515176461216
2024,STYLE,나일론,684,0.9081976790503759
2024,STYLE,네이비,1699,2.2558886793955972
2024,STYLE,넥라인,157,0.20846057837852192
2024,STYLE,다크,575,0.7634702711315293
2024,STYLE,댄디,63,0.08364978622832409
2024,STYLE,두툼,159,0.21111612714767505
2024,STYLE,따뜻,1000,1.3277743845765728
2024,STYLE,라운드,167,0.22173832222428763
2024,STYLE,라이더,120,0.15933292614918873
2024,STYLE,라이트,428,0.5682874365987731
2024,STYLE,라인,1016,1.349018774729798
2024,STYLE,락시크,44,0.0584220729213692
2024,STYLE,러너,102,0.1354329872268104
2024,STYLE,러닝,585,0.7767480149772951
2024,STYLE,러프,367,0.48729319913960223
2024,STYLE,런닝,157,0.20846057837852192
2024,STYLE,레귤러,431,0.5722707597525029
2024,STYLE,레더,649,0.8617255755901956
2024,STYLE,레드,620,0.8232201184374751
2024,STYLE,레이어드,674,0.89491993520461
2024,STYLE,레트로,115,0.1526940542263059
2024,STYLE,로우,535,0.7103592957484665
2024,STYLE,롱,616,0.8179090208991688
2024,STYLE,루즈,237,0.3146825291446477
2024,STYLE,리브,344,0.45675438829434106
2024,STYLE,립,123,0.16331624930291844
2024,STYLE,메이드,229,0.3040603340680352
2024,STYLE,모던,54,0.07169981676713492
2024,STYLE,모카,96,0.127466340919351
2024,STYLE,무난,821,1.0901027697373662
2024,STYLE,무지,172,0.22837719414717053
2024,STYLE,무채색,183,0.2429827123775128
2024,STYLE,미니멀,721,0.9573253312797089
2024,STYLE,버건디,204,0.2708659744536208
2024,STYLE,범용,249,0.3306158217595666
2024,STYLE,베이지,1013,1.3450354515760683
2024,STYLE,베이직,70,0.0929442069203601
2024,STYLE,보세,2234,2.9662479751440634
2024,STYLE,브라운,2416,3.207902913137
2024,STYLE,블랙,6071,8.060918288764373
2024,STYLE,블루,2694,3.577024192049287
2024,STYLE,빈티지,4452,5.911251560134902
2024,STYLE,선선,170,0.2257216453780174
2024,STYLE,세미,309,0.41028228483416096
2024,STYLE,숏,442,0.5868762779828451
2024,STYLE,스몰,105,0.13941631038054014
2024,STYLE,스웨이드,638,0.8471200573598535
2024,STYLE,스퀘어,106,0.1407440847651167
2024,STYLE,스탠다드,580,0.7701091430544122
2024,STYLE,스트라이프,618,0.8205645696683219
2024,STYLE,스트레이트,374,0.4965876198316382
2024,STYLE,스트릿,891,1.1830469766577263
2024,STYLE,스티치,354,0.47003213214010675
2024,STYLE,스파,132,0.17526621876410758
2024,STYLE,스포츠,359,0.4766710040629897
2024,STYLE,슬릭,44,0.0584220729213692
2024,STYLE,슬림,476,0.6320206070584486
2024,STYLE,시원,459,0.6094484425206469
2024,STYLE,시크,97,0.12879411530392756
2024,STYLE,실루엣,490,0.6506094484425207
2024,STYLE,실버,372,0.49393207106248505
2024,STYLE,실크,173,0.2297049685317471
2024,STYLE,심플,134,0.17792176753326075
2024,STYLE,아메리칸,152,0.20182170645563907
2024,STYLE,아메카지,242,0.3213214010675306
2024,STYLE,아웃도어,178,0.23634384045462994
2024,STYLE,아이보리,280,0.3717768276814404
2024,STYLE,에이징,210,0.2788326207610803
2024,STYLE,에코,102,0.1354329872268104
2024,STYLE,오렌지,293,0.3890378946809358
2024,STYLE,오묘,151,0.2004939320710625
2024,STYLE,오버,1082,1.4366518841118516
2024,STYLE,오버핏,512,0.6798204849032052
2024,STYLE,오피스,309,0.41028228483416096
2024,STYLE,올드,298,0.39567676660381873
2024,STYLE,올드 스쿨,81,0.1075497251507024
2024,STYLE,올리브,773,1.0263695992776907
2024,STYLE,올백,79,0.10489417638154924
2024,STYLE,와이드,1827,2.4258438006213985
2024,STYLE,와이드핏,159,0.21111612714767505
2024,STYLE,와일드,297,0.39434899221924213
2024,STYLE,워시,451,0.5988262474440343
2024,STYLE,워싱,891,1.1830469766577263
2024,STYLE,웨스턴,559,0.7422258809783042
2024,STYLE,유틸리티,359,0.4766710040629897
2024,STYLE,인디고,352,0.4673765833709536
2024,STYLE,정핏,233,0.30937143160634145
2024,STYLE,주름,283,0.37576015083517006
2024,STYLE,체크,1111,1.4751573412645724
2024,STYLE,초겨울,131,0.17393844437953102
2024,STYLE,카고,310,0.41161005921873756
2024,STYLE,카모,185,0.24563826114666595
2024,STYLE,카키,859,1.140558196351276
2024,STYLE,캐시미어,361,0.4793265528321428
2024,STYLE,캐주얼,1563,2.075311363093183
2024,STYLE,캐트릿,133,0.17659399314868415
2024,STYLE,코듀로이,629,0.8351700878986642
2024,STYLE,코튼,795,1.0555806357383755
2024,STYLE,크롭,275,0.3651379557585575
2024,STYLE,클래식,760,1.0091085322781954
2024,STYLE,탄탄,318,0.4222322542953501
2024,STYLE,테일러드,213,0.28281594391481
2024,STYLE,트렌디,96,0.127466340919351
2024,STYLE,퍼플,314,0.41692115675704383
2024,STYLE,펑크,44,0.0584220729213692
2024,STYLE,편안,346,0.4594099370634942
2024,STYLE,포멀,191,0.2536049074541254
2024,STYLE,프렌치,255,0.3385824680670261
2024,STYLE,프린팅,531,0.7050481982101602
2024,STYLE,플레어,178,0.23634384045462994
2024,STYLE,플로어,174,0.23103274291632367
2024,STYLE,플리츠,77,0.1022386276123961
2024,STYLE,핏더사이즈,519,0.6891149055952412
2024,STYLE,핏이,279,0.3704490532968638
2024,STYLE,핑크,633,0.8404811854369705
2024,STYLE,헤비,251,0.3332713705287198
2024,STYLE,화이트,1041,1.3822131343442121
2024,STYLE,흰색,481,0.6386594789813316
2024,STYLE,힙,355,0.4713599065246833
2025,STYLE,aw,74,0.20096681331812505
2025,STYLE,fw,314,0.8527510727282602
2025,STYLE,ss,635,1.724512519689316
2025,STYLE,가죽,1577,4.282765737874096
2025,STYLE,감성,219,0.5947531367117483
2025,STYLE,고급,184,0.4997012655477704
2025,STYLE,고아캐,502,1.3633154092661997
2025,STYLE,고어텍스,65,0.17652490359024497
2025,STYLE,고프코어,100,0.27157677475422304
2025,STYLE,골드,83,0.2254087230460051
2025,STYLE,구제,51,0.13850415512465375
2025,STYLE,그레이,872,2.368149475856825
2025,STYLE,그린,307,0.8337406984954646
2025,STYLE,기모,27,0.0733257291836402
2025,STYLE,깔끔,444,1.20580087990875
2025,STYLE,꾸안꾸,21,0.05703112269838683
2025,STYLE,나일론,298,0.8092987887675845
2025,STYLE,네이비,844,2.292107978925642
2025,STYLE,넥라인,103,0.27972407799684973
2025,STYLE,다크,236,0.6409211884199663
2025,STYLE,댄디,21,0.05703112269838683
2025,STYLE,두툼,51,0.13850415512465375
2025,STYLE,따뜻,269,0.7305415240888599
2025,STYLE,라운드,60,0.16294606485253382
2025,STYLE,라이더,84,0.22812449079354732
2025,STYLE,라이트,218,0.5920373689642062
2025,STYLE,라인,650,1.7652490359024497
2025,STYLE,락시크,1,0.0027157677475422304
2025,STYLE,러너,48,0.13035685188202706
2025,STYLE,러닝,781,2.121014610830482
2025,STYLE,러프,278,0.7549834338167399
2025,STYLE,런닝,197,0.5350062462658193
2025,STYLE,레귤러,314,0.8527510727282602
2025,STYLE,레더,438,1.1895062734234967
2025,STYLE,레드,367,0.9966867633479984
2025,STYLE,레이어드,203,0.5513008527510728
2025,STYLE,레트로,31,0.08418880017380914
2025,STYLE,로우,163,0.4426701428493835
2025,STYLE,롱,223,0.6056162077019174
2025,STYLE,루즈,151,0.41008092987887673
2025,STYLE,리브,137,0.37206018141328556
2025,STYLE,립,86,0.2335560262886318
2025,STYLE,메이드,95,0.2579979360165119
2025,STYLE,모던,16,0.043452283960675686
2025,STYLE,모카,18,0.04888381945576015
2025,STYLE,무난,385,1.0455705828037585
2025,STYLE,무지,126,0.342186736190321
2025,STYLE,무채색,46,0.1249253163869426
2025,STYLE,미니멀,192,0.5214274075281082
2025,STYLE,버건디,81,0.21997718755092066
2025,STYLE,범용,125,0.33947096844277874
2025,STYLE,베이지,407,1.1053174732496875
2025,STYLE,베이직,50,0.13578838737711152
2025,STYLE,보세,256,0.695236543370811
2025,STYLE,브라운,750,2.036825810656673
2025,STYLE,블랙,2871,7.796969203193743
2025,STYLE,블루,1301,3.5332138395524417
2025,STYLE,빈티지,2489,6.7595459236326105
2025,STYLE,선선,60,0.16294606485253382
2025,STYLE,세미,145,0.3937863233936234
2025,STYLE,숏,117,0.31774482646244095
2025,STYLE,스몰,75,0.20368258106566728
2025,STYLE,스웨이드,551,1.4963880288957687
2025,STYLE,스퀘어,54,0.1466514583672804
2025,STYLE,스탠다드,228,0.6191950464396285
2025,STYLE,스트라이프,522,1.417630764217044
2025,STYLE,스트레이트,452,1.2275270218890881
2025,STYLE,스트릿,258,0.7006680788658953
2025,STYLE,스티치,224,0.6083319754494596
2025,STYLE,스파,81,0.21997718755092066
2025,STYLE,스포츠,198,0.5377220140133616
2025,STYLE,슬릭,18,0.04888381945576015
2025,STYLE,슬림,294,0.7984357177774157
2025,STYLE,시원,306,0.8310249307479225
2025,STYLE,시크,17,0.04616805170821791
2025,STYLE,실루엣,240,0.6517842594101353
2025,STYLE,실버,221,0.6001846722068329
2025,STYLE,실크,123,0.33403943294769434
2025,STYLE,심플,88,0.23898756178371625
2025,STYLE,아메리칸,99,0.2688610070066808
2025,STYLE,아메카지,179,0.4861224268100592
2025,STYLE,아웃도어,86,0.2335560262886318
2025,STYLE,아이보리,118,0.32046059420998313
2025,STYLE,에이징,164,0.4453859105969258
2025,STYLE,에코,56,0.1520829938623649
2025,STYLE,오렌지,96,0.2607137037640541
2025,STYLE,오묘,72,0.1955352778230406
2025,STYLE,오버,436,1.1840747379284124
2025,STYLE,오버핏,204,0.554016620498615
2025,STYLE,오피스,78,0.21182988430829397
2025,STYLE,올드,119,0.32317636195752536
2025,STYLE,올드 스쿨,43,0.1167780131443159
2025,STYLE,올리브,319,0.8663299114659715
2025,STYLE,올백,11,0.02987344522296453
2025,STYLE,와이드,829,2.251371462712509
2025,STYLE,와이드핏,75,0.20368258106566728
2025,STYLE,와일드,89,0.2417033295312585
2025,STYLE,워시,438,1.1895062734234967
2025,STYLE,워싱,623,1.6919233067188095
2025,STYLE,웨스턴,442,1.2003693444136658
2025,STYLE,유틸리티,86,0.2335560262886318
2025,STYLE,인디고,494,1.3415892672858616
2025,STYLE,정핏,172,0.4671120525772636
2025,STYLE,주름,189,0.5132801042854815
2025,STYLE,체크,392,1.0645809570365543
2025,STYLE,초겨울,16,0.043452283960675686
2025,STYLE,카고,112,0.3041659877247298
2025,STYLE,카모,85,0.23084025854108958
2025,STYLE,카키,371,1.0075498343381675
2025,STYLE,캐시미어,65,0.17652490359024497
2025,STYLE,캐주얼,764,2.0748465591222636
2025,STYLE,캐트릿,15,0.040736516213133456
2025,STYLE,코듀로이,188,0.5105643365379392
2025,STYLE,코튼,465,1.2628320026071371
2025,STYLE,크롭,161,0.4372386073542991
2025,STYLE,클래식,422,1.146053989462821
2025,STYLE,탄탄,155,0.42094400086904565
2025,STYLE,테일러드,86,0.2335560262886318
2025,STYLE,트렌디,26,0.07060996143609798
2025,STYLE,퍼플,140,0.3802074846559122
2025,STYLE,펑크,18,0.04888381945576015
2025,STYLE,편안,188,0.5105643365379392
2025,STYLE,포멀,171,0.46439628482972134
2025,STYLE,프렌치,205,0.5567323882461571
2025,STYLE,프린팅,359,0.9749606213676607
2025,STYLE,플레어,108,0.2933029167345608
2025,STYLE,플로어,15,0.040736516213133456
2025,STYLE,플리츠,52,0.14121992287219595
2025,STYLE,핏더사이즈,86,0.2335560262886318
2025,STYLE,핏이,215,0.5838900657215795
2025,STYLE,핑크,189,0.5132801042854815
2025,STYLE,헤비,108,0.2933029167345608
2025,STYLE,화이트,539,1.4637988159252622
2025,STYLE,흰색,292,0.7930041822823312
2025,STYLE,힙,90,0.2444190972788007
